,0
0,MRN
1,RNI
2,NII
3,IIV
4,IVG
5,VGS
6,GSR
7,SRR
8,RRS
9,RSK
10,SKL
11,KLA
12,LAM
13,AMT
14,MTQ
15,TQT
16,QTK
17,TKW
18,KWV
19,WVI
20,VIK
21,IKK
22,KKL
23,KLE
24,LEE
25,EEL
26,ELN
27,LNP
28,NPD
29,PDF
30,DFT
31,FTF
32,TFE
33,FEI
34,EIK
35,IKE
36,KEI
37,EIV
38,IVT
39,VTK
40,TKG
41,KGD
42,GDR
43,DRI
44,RIL
45,ILD
46,LDV
47,DVT
48,VTL
49,TLS
50,LSK
51,SKV
52,KVG
53,VGG
54,GGK
55,GKG
56,KGL
57,GLF
58,LFV
59,FVK
60,VKE
61,EIE
62,IEQ
63,EQA
64,QAM
65,AML
66,MLS
67,LSG
68,SGE
69,GEI
70,EID
71,IDM
72,DMA
73,MAV
74,AVH
75,VHS
76,HSM
77,SMK
78,MKD
79,KDM
80,DMP
81,MPS
82,PSV
83,SVL
84,VLP
85,LPE
86,PEG
87,EGL
88,GLM
89,LMV
90,MVG
91,VGC
92,GCI
93,CIP
94,IPK
95,PKR
96,KRE
97,RED
98,EDA
99,DAR
100,ARD
101,RDV
102,DVL
103,VLI
104,LIS
105,ISK
106,SKG
107,KGR
108,GRQ
109,RQK
110,QKL
111,LAD
112,ADL
113,DLK
114,LKQ
115,KQG
116,QGA
117,GAV
118,AVV
119,VVG
120,VGT
121,GTS
122,TSS
123,SSL
124,SLR
125,LRR
126,RSA
127,SAQ
128,AQL
129,QLL
130,LLQ
131,LQM
132,QMR
133,MRP
134,RPD
135,PDL
136,DLE
137,LEI
138,IKW
139,KWI
140,WIR
141,IRG
142,RGN
143,GNI
144,NID
145,IDT
146,DTR
147,TRL
148,RLK
149,LKK
150,LET
151,ETE
152,TED
153,EDY
154,DYD
155,YDA
156,DAI
157,AII
158,IIL
159,ILA
160,LAA
161,AAA
162,AAG
163,AGL
164,GLS
165,LSR
166,SRM
167,RMG
168,MGW
169,GWK
170,WKD
171,KDD
172,DDV
173,DVV
174,VVT
175,VTE
176,TEF
177,EFL
178,FLD
179,LDP
180,DPE
181,PES
182,ESC
183,SCL
184,CLP
185,LPA
186,PAV
187,AVG
188,VGQ
189,GQG
190,GAL
191,ALA
192,LAI
193,AIE
194,IEC
195,ECR
196,CRG
197,RGS
198,GSD
199,SDE
200,DEE
201,ELL
202,LLS
203,LSL
204,SLF
205,LFS
206,FSR
207,SRL
208,RLN
209,LND
210,NDR
211,DRY
212,RYT
213,YTQ
214,TQL
215,QLT
216,LTV
217,TVT
218,VTA
219,TAE
220,AER
221,ERA
222,RAF
223,AFL
224,FLH
225,LHA
226,HAM
227,AME
228,MEG
229,EGG
230,GGC
231,GCQ
232,CQV
233,QVP
234,VPI
235,PIA
236,IAG
237,AGF
238,GFA
239,FAK
240,AKM
241,KMD
242,MDE
243,DED
244,EDG
245,DGV
246,GVI
247,VIE
248,IEL
249,ELT
250,LTG
251,TGL
252,GLV
253,LVA
254,VAS
255,ASP
256,SPD
257,PDG
258,DGK
259,GKT
260,KTV
261,TVY
262,VYR
263,YRE
264,RET
265,ETV
266,TVK
267,VKG
268,KGK
269,GKD
270,KDP
271,PEA
272,EAV
273,VGR
274,GRE
275,REC
276,ECA
277,CAA
278,AAV
279,AVM
280,VMS
281,MSE
282,SEK
283,EKG
284,KGA
285,GAK
286,AKA
287,KAL
288,ALI
289,LID
290,IDR
291,DRV
292,RVK
293,VKQ
294,KQE
295,QEL
296,ELE
297,LED
298,EDH
299,DHE
300,HEA
301,MMR
302,MRT
303,RTI
304,TIK
305,IKV
306,VIQ
307,IQK
308,KLK
309,LKE
310,EIN
311,INP
312,NPS
313,PSF
314,SFA
315,FAF
316,AFE
317,RIV
318,IVD
319,VDV
320,QAL
321,ALL
322,LLN
323,LNE
324,NEE
325,EEI
326,MPA
327,AVL
328,LVI
329,VIG
330,IGC
331,IPE
332,PER
333,ERE
334,EDP
335,DPR
336,PRD
337,RDA
338,DAL
339,SKN
340,KNR
341,NRV
342,VKL
343,KLS
344,LSE
345,SEM
346,EMK
347,MKK
348,KKG
349,AVI
350,IGT
351,LLI
352,LIE
353,IER
354,ERP
355,DLT
356,LTI
357,RLQ
358,LQK
359,WKQ
360,KQD
361,QDV
362,FLE
363,LEP
364,EPE
365,ERC
366,RCL
367,CRE
368,RES
369,ESD
370,LLA
371,LAL
372,ALF
373,FSQ
374,SQF
375,QFT
376,FTD
377,TDE
378,DEY
379,EYT
380,YTK
381,TKR
382,KRT
383,RTV
384,TVL
385,VLA
386,LAE
387,FLN
388,LNA
389,NAM
390,AGY
391,GYS
392,YSV
393,VLN
394,LNG
395,NGQ
396,GQD
397,QDE
398,DEI
399,IEM
400,EMT
401,MTG
402,GKI
403,KII
404,IIF
405,IFK
406,FKE
407,KET
408,VTG
409,TGN
410,GND
411,NDP
412,PEE
413,EEV
414,EVG
415,VGK
416,GKR
417,KRC
418,RCA
419,AAL
420,ALM
421,LMA
422,MAD
423,ADK
424,DKG
425,AKD
426,KDL
427,DLI
428,VKR
429,REL
430,ELD
431,LDE
432,MLN
433,LNN
434,NNI
435,NIL
436,ILK
437,LKI
438,KIA
439,IAT
440,ATR
441,TRQ
442,RQS
443,QSP
444,SPL
445,PLA
446,AIW
447,IWQ
448,WQA
449,QAN
450,ANY
451,NYV
452,YVR
453,VRN
454,RNQ
455,NQL
456,LSF
457,SFY
458,FYP
459,YPT
460,PTL
461,TLL
462,ELV
463,LVP
464,PIV
465,VTS
466,TSG
467,SGD
468,GDL
469,LIL
470,LDK
471,DKP
472,KPL
473,PLM
474,LMK
475,MKA
476,KAG
477,AGG
478,KRL
479,RLF
480,LFI
481,FIK
482,KEL
483,LEQ
484,MLE
485,LER
486,ERR
487,RRA
488,RAD
489,ADI
490,DIA
491,IAV
492,KDI
493,DIT
494,ITI
495,TIS
496,ISF
497,SFP
498,FPE
499,EGI
500,GIG
501,IGL
502,GLA
503,LAV
504,VLC
505,LCA
506,CAR
507,ARE
508,DAF
509,AFI
510,FIS
511,IST
512,STH
513,THY
514,HYA
515,YAS
516,ASI
517,SID
518,IDL
519,DLL
520,LLP
521,LPT
522,PTG
523,TGA
524,SSM
525,SMR
526,MRR
527,RRQ
528,RQC
529,QCQ
530,CQL
531,QLR
532,LRE
533,RER
534,RRP
535,DLV
536,LVM
537,VMR
538,MRD
539,RDL
540,DLR
541,LRG
542,NIG
543,GTR
544,RLE
545,LEK
546,EKL
547,KLD
548,KGE
549,GEY
550,EYD
551,GLK
552,LKR
553,RLD
554,LDL
555,DLA
556,LAH
557,AHR
558,HRI
559,RIR
560,IRM
561,RMI
562,MII
563,IID
564,IDP
565,DPT
566,PTE
567,TEL
568,QGV
569,IGI
570,GIE
571,IEY
572,EYR
573,YRL
574,EDT
575,DTH
576,THI
577,HIL
578,ILS
579,LSI
580,SIL
581,LAP
582,APL
583,PLH
584,LHH
585,HHS
586,HSA
587,SAT
588,ATA
589,TAL
590,ALR
591,LRV
592,RVS
593,VSA
594,SAE
595,RAM
596,AMN
597,MNA
598,NAK
599,AKL
600,LAG
601,PIG
602,IGS
603,GSY
604,SYA
605,YAE
606,AEI
607,IEG
608,EGD
609,GDQ
610,DQI
611,QIW
612,IWL
613,WLR
614,LRA
615,RAL
616,ALV
617,LVG
618,GSP
619,DGS
620,GSL
621,SLI
622,LII
623,IIR
624,IRS
625,RSE
626,SEG
627,EGR
628,GRA
629,RAP
630,PLS
631,LSQ
632,SQA
633,QAE
634,EIL
635,ILG
636,LGQ
637,GQS
638,QSI
639,SIA
640,IAN
641,AND
642,NDL
643,LLY
644,LYR
645,YRG
646,RGA
647,GAE
648,AES
649,ESI
650,ILC
651,LCR
652,CRA
653,AFQ
654,FQV
655,QVD
656,VDS
657,MQA
658,QAK
659,AKI
660,KIL
661,ILR
662,LRI
663,RIA
664,TRK
665,RKS
666,KSP
667,AIC
668,ICQ
669,CQA
670,QAC
671,ACY
672,CYV
673,YVC
674,VCN
675,CNK
676,NKL
677,LKH
678,KHY
679,HYH
680,YHP
681,HPH
682,PHI
683,HIQ
684,IQT
685,QTE
686,ELI
687,LIP
688,IPI
689,PII
690,IIT
691,ITT
692,TTG
693,TGD
694,GDT
695,DTS
696,TSL
697,SLH
698,LHT
699,HTV
700,TVS
701,VSK
702,SKT
703,KTN
704,TNK
705,NKI
706,KIK
707,GAF
708,LEY
709,EYA
710,YAL
711,IEH
712,EHR
713,HRA
714,KDV
715,VTV
716,VLL
717,LPK
718,PKE
719,IIP
720,IPV
721,PVL
722,LCK
723,CKR
724,KRH
725,RHD
726,HDP
727,AFV
728,FVS
729,VSI
730,SIQ
731,IQY
732,QYP
733,YPN
734,PNI
735,NIH
736,IHS
737,HSL
738,SLP
739,TGS
740,GSI
741,SII
742,IIG
743,CQI
744,QIR
745,IRA
746,RAQ
747,AQR
748,QRS
749,RSD
750,SDL
751,ILH
752,LHD
753,HDL
754,NIN
755,INT
756,NTR
757,TRI
758,RIK
759,KLH
760,LHQ
761,HQG
762,QGQ
763,GQY
764,QYN
765,YNA
766,NAI
767,AVA
768,VAG
769,GLT
770,LTR
771,LKL
772,KLT
773,LTK
774,TKY
775,KYI
776,YIQ
777,QTY
778,TYI
779,YID
780,DPS
781,PSE
782,SEL
783,PAM
784,AMG
785,MGQ
786,VIA
787,IAI
788,CRI
789,RIN
790,IND
791,NDI
792,DIN
793,NTI
794,ISL
795,SLL
796,LSP
797,PLY
798,LYH
799,YHK
800,HKE
801,ETS
802,SLC
803,LCI
804,CIK
805,IKS
806,KSE
807,SER
808,RAV
809,AVT
810,VTT
811,TTY
812,TYL
813,YLE
814,LES
815,ESY
816,SYC
817,YCR
818,CRL
819,RLP
820,LPI
821,IAS
822,ASY
823,EIQ
824,IQN
825,QNN
826,NNQ
827,NQI
828,LIG
829,GLP
830,LPD
831,III
832,IRT
833,RTE
834,TEG
835,GIA
836,ASL
837,SLD
838,DKA
839,KAE
840,AEE
841,ELG
842,LGL
843,GLN
844,LNL
845,NLA
846,LAK
847,LIQ
848,IQF
849,QFK
850,FKK
851,KKN
852,KNT
853,NTH
854,THF
855,HFD
856,FDI
857,INS
858,NSI
859,SIK
860,MKN
861,KNK
862,KSQ
863,SQL
864,QLA
865,QAQ
866,AQY
867,QYV
868,YVH
869,VHN
870,HNE
871,NEL
872,ELK
873,HPT
874,SIE
875,ELM
876,LMP
877,MPI
878,GDK
879,DKF
880,KFL
881,LNI
882,IDA
883,DAK
884,AKN
885,LEH
886,EHA
887,HAL
888,LIN
889,INF
890,NFR
891,FRA
892,ITV
893,TVP
894,VPL
895,PLP
896,PDE
897,DEL
898,LTL
899,TLP
900,LPV
901,KRN
902,RND
903,VSL
904,SLK
905,LKY
906,KYP
907,DTL
908,GSV
909,SVI
910,RAH
911,HRP
912,LVV
913,VVS
914,VSN
915,SNL
916,NLR
917,KLQ
918,LQY
919,QYG
920,YGQ
921,QYD
922,AIV
923,IVL
924,GLQ
925,LQR
926,QRL
927,LQL
928,QLH
929,LHE
930,HEY
931,EYI
932,YIR
933,IRV
934,RVH
935,VHI
936,HID
937,PSD
938,CRS
939,RSN
940,SND
941,NDA
942,DAD
943,DIL
944,YHQ
945,HQE
946,QET
947,TSF
948,SFR
949,FRV
950,RVR
951,VRA
952,RAE
953,YCH
954,CHL
955,HLP
956,IEE
957,EED
958,EDQ
959,GSK
960,SKI
961,PLD
962,LDQ
963,DQA
964,AEK
965,KLG
966,LGF
967,GFI
968,FIL
969,AED
970,EDL
971,LIK
972,IKF
973,KFK
974,FKR
975,MAA
976,AVE
977,VER
978,ERL
979,RLT
980,TIA
981,TRA
982,RAS
983,ASR
984,RLA
985,ALW
986,LWQ
987,AEH
988,EHV
989,HVR
990,VRD
991,LLR
992,RAR
993,ARY
994,RYP
995,YPA
996,PAC
997,ACS
998,CSV
999,SVE
1000,VEL
1001,LLT
1002,TLT
1003,LTT
1004,TTR
1005,TRG
1006,RGD
1007,QIL
1008,LDR
1009,DRT
1010,RTL
1011,ETA
1012,LLD
1013,LDG
1014,DGR
1015,LKD
1016,DVP
1017,VPV
1018,PVD
1019,VDL
1020,DLH
1021,HAP
1022,APF
1023,PFE
1024,FEL
1025,ELS
1026,LSC
1027,SCV
1028,CVL
1029,VLE
1030,ADP
1031,NDY
1032,DYG
1033,YGS
1034,SLA
1035,DLP
1036,LPP
1037,PPG
1038,PGA
1039,GAA
1040,RRE
1041,ESQ
1042,SQI
1043,YPH
1044,PHL
1045,HLV
1046,VVK
1047,VKP
1048,PLR
1049,GNL
1050,NLD
1051,LDT
1052,RLG
1053,LGK
1054,GKL
1055,LDN
1056,DNG
1057,NGD
1058,GDY
1059,DYA
1060,YAA
1061,AAI
1062,GLE
1063,AAR
1064,ARI
1065,LLE
1066,EPD
1067,PDD
1068,DDS
1069,DSL
1070,PAA
1071,AGQ
1072,ALG
1073,LGI
1074,IEI
1075,ILQ
1076,LQG
1077,QGR
1078,ADV
1079,DVR
1080,MLA
1081,PLG
1082,LGD
1083,GDA
1084,DAA
1085,AAT
1086,ATL
1087,TLA
1088,LAC
1089,ACV
1090,CVT
1091,AVS
1092,VSR
1093,RML
1094,MLG
1095,LGG
1096,GGS
1097,GSC
1098,SCQ
1099,AAY
1100,AYA
1101,YAR
1102,RID
1103,IDG
1104,DGD
1105,GDE
1106,ELA
1107,VAA
1108,AAP
1109,APD
1110,GRR
1111,RRI
1112,IVR
1113,RRG
1114,RGP
1115,GPR
1116,RDQ
1117,AQA
1118,QAI
1119,AIG
1120,IGE
1121,GES
1122,ESA
1123,SAA
1124,ADG
1125,DGA
1126,GAD
1127,ADA
1128,AIL
1129,AEL
1130,PTS
1131,TSP
1132,SPA
1133,PAP
1134,MSV
1135,SVP
1136,VPQ
1137,PQR
1138,RLV
1139,RDR
1140,DRL
1141,RLR
1142,ALY
1143,LYP
1144,ACA
1145,CAV
1146,DLQ
1147,LQA
1148,QAP
1149,ELC
1150,CAI
1151,ILE
1152,SNQ
1153,NQY
1154,QYT
1155,YTT
1156,TTL
1157,PAG
1158,AGA
1159,IRQ
1160,RQR
1161,QRY
1162,HLS
1163,LSV
1164,SVK
1165,RLS
1166,DRG
1167,LGM
1168,GMG
1169,MGE
1170,GER
1171,ERI
1172,RSL
1173,PED
1174,EDS
1175,EIR
1176,IRN
1177,DRN
1178,REW
1179,EWL
1180,WLA
1181,CSR
1182,SRT
1183,RTT
1184,TTA
1185,TAC
1186,CVV
1187,VVA
1188,VAE
1189,SRA
1190,NGN
1191,GNS
1192,NSL
1193,DGT
1194,TRV
1195,RVI
1196,VIR
1197,RSQ
1198,SQH
1199,QHA
1200,HAG
1201,AGP
1202,GPA
1203,PAE
1204,AEQ
1205,IGQ
1206,GQA
1207,QAA
1208,AAQ
1209,AQE
1210,LSN
1211,SNG
1212,NGA
1213,ELQ
1214,LQD
1215,QDP
1216,DPP
1217,PPA
1218,PAS
1219,MSG
1220,SGN
1221,GNG
1222,GNA
1223,NAA
1224,EEN
1225,ENS
1226,NSP
1227,SPK
1228,PKM
1229,KMR
1230,MRV
1231,RVG
1232,LAR
1233,RIQ
1234,QTD
1235,TDS
1236,DSV
1237,SVV
1238,VAT
1239,TLK
1240,LKA
1241,KAS
1242,SYP
1243,YPG
1244,PGL
1245,LQF
1246,QFE
1247,EII
1248,IIA
1249,IAM
1250,AMS
1251,MST
1252,STT
1253,DKI
1254,DTA
1255,ALS
1256,KIG
1257,GEK
1258,EKS
1259,KSL
1260,LFT
1261,FTK
1262,TKE
1263,ALE
1264,EKN
1265,KNE
1266,NEV
1267,EVD
1268,VVH
1269,PTV
1270,PGF
1271,GFT
1272,FTI
1273,TIG
1274,IGA
1275,GAI
1276,ICK
1277,REN
1278,ENP
1279,NPH
1280,PHD
1281,HDA
1282,DAV
1283,VVF
1284,VFH
1285,FHP
1286,HPK
1287,PKF
1288,KFV
1289,FVG
1290,KTL
1291,TLE
1292,ETL
1293,PEK
1294,KSV
1295,RAA
1296,QLQ
1297,QRK
1298,RKF
1299,KFP
1300,FPH
1301,HLE
1302,LEF
1303,EFR
1304,FRS
1305,RSI
1306,SIR
1307,NLN
1308,LNT
1309,LRK
1310,RKL
1311,DEQ
1312,EQQ
1313,QQE
1314,QEF
1315,EFS
1316,FSA
1317,SAI
1318,LAT
1319,TAG
1320,QRM
1321,GWH
1322,WHN
1323,HNR
1324,GQI
1325,LHP
1326,HPE
1327,EEC
1328,ECM
1329,CMY
1330,MYA
1331,YAV
1332,LGV
1333,GVE
1334,VEV
1335,EVR
1336,RAK
1337,KDQ
1338,DQD
1339,QDI
1340,VGV
1341,GVL
1342,VLH
1343,PET
1344,LRC
1345,RCI
1346,CIA
1347,IAE
1348,FLR
1349,LRH
1350,RHL
1351,LEG
1352,GCS
1353,PVA
1354,VAV
1355,VHT
1356,HTA
1357,TAM
1358,AMK
1359,KDG
1360,DGQ
1361,GQL
1362,QLY
1363,LYL
1364,YLT
1365,TGG
1366,GGV
1367,GVW
1368,VWS
1369,WSL
1370,SDS
1371,DSI
1372,IQE
1373,ETM
1374,TMQ
1375,QAT
1376,ATI
1377,TIH
1378,IHV
1379,HVP
1380,VPA
1381,PAQ
1382,AQH
1383,QHE
1384,HED
1385,DGP
1386,GPE
1387,EDD
1388,DDP
1389,DPQ
1390,PQL
1391,QLV
1392,VGI
1393,GIT
1394,ITA
1395,TAR
1396,ARN
1397,NIP
1398,IPR
1399,PRG
1400,GPQ
1401,AQN
1402,QNL
1403,NLG
1404,GIS
1405,LAN
1406,ANL
1407,NLL
1408,LLL
1409,KNI
1410,DVA
1411,VAR
1412,ARQ
1413,RQL
1414,QLN
1415,DAH
1416,MQT
1417,QTA
1418,TAS
1419,ASF
1420,SFK
1421,FKN
1422,KNG
1423,NGT
1424,GTL
1425,LAQ
1426,QAY
1427,AYL
1428,TRR
1429,RRL
1430,RLL
1431,LQE
1432,QEA
1433,EAH
1434,AHG
1435,HGL
1436,ILP
1437,LPM
1438,PMS
1439,STA
1440,AGD
1441,IQD
1442,QDR
1443,DRP
1444,RPL
1445,SEV
1446,FTE
1447,TEE
1448,ALK
1449,GRI
1450,IDI
1451,HST
1452,STK
1453,TKD
1454,MPT
1455,PTA
1456,ALP
1457,GLH
1458,LHL
1459,SVF
1460,VFL
1461,FIG
1462,IGR
1463,GRS
1464,SAR
1465,ARR
1466,RRF
1467,RFM
1468,FMD
1469,MDL
1470,LPQ
1471,PQG
1472,GAT
1473,ATV
1474,TVG
1475,GSS
1476,SSS
1477,RQA
1478,LIR
1479,IRR
1480,LRP
1481,PDI
1482,DIE
1483,IEV
1484,EVV
1485,VVM
1486,VMY
1487,MYR
1488,GNV
1489,NVD
1490,VDT
1491,LDA
1492,DAG
1493,AGE
1494,GEV
1495,VDG
1496,GTF
1497,TFL
1498,FLA
1499,CAG
1500,GLR
1501,DVI
1502,VIT
1503,ITD
1504,TDV
1505,VLD
1506,VFP
1507,FPP
1508,APG
1509,PGQ
1510,IES
1511,ESR
1512,SRI
1513,RIG
1514,IGD
1515,DER
1516,IDV
1517,HRE
1518,ETQ
1519,TQI
1520,QIA
1521,IAL
1522,ACE
1523,CER
1524,FLG
1525,LGA
1526,ALD
1527,SCR
1528,CRT
1529,RTP
1530,TPI
1531,TVE
1532,VEG
1533,FRG
1534,RGM
1535,GMI
1536,MIL
1537,ILT
1538,LTP
1539,TPD
1540,QAH
1541,AHE
1542,HEV
1543,EVT
1544,AEG
1545,EGV
1546,GVV
1547,VSD
1548,SDA
1549,LGT
1550,GTD
1551,TDA
1552,AAN
1553,ANR
1554,AMA
1555,MAG
1556,GPH
1557,PHF
1558,HFF
1559,FFD
1560,FDG
1561,DGW
1562,GWQ
1563,MYN
1564,YNK
1565,NKT
1566,TLR
1567,KQT
1568,KYV
1569,YVQ
1570,VQK
1571,QKK
1572,KKI
1573,SLY
1574,YPD
1575,DLN
1576,NIK
1577,IKL
1578,KLV
1579,VTH
1580,THG
1581,HGD
1582,GDN
1583,DNI
1584,ILN
1585,LNK
1586,NKS
1587,SLS
1588,IGG
1589,LEL
1590,LEN
1591,ENK
1592,NKA
1593,KAD
1594,AIH
1595,PVK
1596,VKI
1597,KIT
1598,ITK
1599,LCL
1600,CLV
1601,LVS
1602,SIC
1603,KRG
1604,NAL
1605,LDS
1606,SLV
1607,SNN
1608,NNY
1609,NYQ
1610,YQS
1611,SIN
1612,INQ
1613,QLP
1614,PKG
1615,QLI
1616,LIT
1617,ITY
1618,TYR
1619,YRP
1620,IIS
1621,ISP
1622,NIE
1623,IET
1624,ETR
1625,IAK
1626,DQG
1627,QGK
1628,GKY
1629,KYD
1630,ATE
1631,LNR
1632,NRL
1633,LRL
1634,LKN
1635,NRI
1636,RIT
1637,ITQ
1638,QII
1639,IPA
1640,LPS
1641,PSC
1642,SCG
1643,CGQ
1644,GIQ
1645,IQS
1646,QSR
1647,RLH
1648,HDK
1649,DKK
1650,KKV
1651,KVL
1652,VLF
1653,LFF
1654,FFL
1655,FLS
1656,LNH
1657,NHI
1658,HIN
1659,NTF
1660,TFI
1661,FIE
1662,INA
1663,NAE
1664,AFC
1665,FCR
1666,CRK
1667,ESG
1668,SGC
1669,QIP
1670,YAI
1671,KIW
1672,RGL
1673,SPN
1674,PNG
1675,NGK
1676,LKG
1677,GCY
1678,CYN
1679,YNT
1680,NTG
1681,TGE
1682,EKM
1683,KMG
1684,MGY
1685,YSL
1686,ADE
1687,LLK
1688,NNL
1689,NLH
1690,LHI
1691,HIK
1692,IKQ
1693,KQS
1694,QSY
1695,YCI
1696,MNS
1697,NSE
1698,SET
1699,ETP
1700,TPA
1701,PQQ
1702,QQA
1703,AQP
1704,QPP
1705,PAT
1706,SRE
1707,AMW
1708,MWQ
1709,KLY
1710,ACD
1711,CDV
1712,DVK
1713,GMT
1714,MTT
1715,LEA
1716,EAA
1717,VPM
1718,PMA
1719,MAL
1720,DGF
1721,FAL
1722,AIM
1723,IME
1724,MER
1725,REA
1726,EAM
1727,MLR
1728,LRS
1729,RSR
1730,SRY
1731,LEV
1732,EVL
1733,LPL
1734,EAR
1735,DVE
1736,VEA
1737,EAS
1738,SPP
1739,EIA
1740,IAA
1741,AAH
1742,HRD
1743,RDD
1744,AAW
1745,AWL
1746,PRT
1747,RTA
1748,EAE
1749,ERM
1750,RMV
1751,MVS
1752,SCE
1753,CEV
1754,EVP
1755,AHA
1756,HAV
1757,AVW
1758,VWR
1759,WRA
1760,RAG
1761,GEL
1762,ELY
1763,TGR
1764,GRV
1765,VST
1766,TTD
1767,TDG
1768,KRV
1769,RVL
1770,VLT
1771,LTA
1772,ECG
1773,CGA
1774,VMT
1775,MTV
1776,TVA
1777,VAD
1778,LGR
1779,EAQ
1780,AQG
1781,LDI
1782,DIV
1783,IVQ
1784,VQA
1785,AGS
1786,GSQ
1787,AGK
1788,ELP
1789,SAL
1790,PME
1791,MEL
1792,MSR
1793,YPR
1794,PRL
1795,VRP
1796,VED
1797,AGR
1798,HDH
1799,DHA
1800,HAT
1801,WRG
1802,ELH
1803,HLT
1804,SVS
1805,GAR
1806,ARV
1807,ARA
1808,AQS
1809,TAA
1810,AAD
1811,ERQ
1812,RQG
1813,RAI
1814,VDA
1815,AAS
1816,ASA
1817,AQK
1818,QKG
1819,KGG
1820,GGA
1821,KLR
1822,RDS
1823,DSK
1824,IQV
1825,VDI
1826,IVA
1827,ARK
1828,RKI
1829,QTL
1830,TLG
1831,ECE
1832,CEF
1833,EFV
1834,FVP
1835,PIK
1836,IKT
1837,KTK
1838,GDI
1839,DID
1840,IDK
1841,DKT
1842,TKS
1843,KDF
1844,DFK
1845,FKS
1846,SPG
1847,PGV
1848,GVF
1849,VFV
1850,REI
1851,LPC
1852,PCE
1853,CEM
1854,EMD
1855,MDS
1856,DSN
1857,SNF
1858,NFE
1859,VVE
1860,VLV
1861,SKD
1862,GVG
1863,VGF
1864,GFY
1865,FYQ
1866,YQL
1867,QLK
1868,LKP
1869,KPN
1870,PNA
1871,REV
1872,EVH
1873,VHL
1874,HLK
1875,KNL
1876,LRQ
1877,RQD
1878,DIQ
1879,QVV
1880,VVN
1881,VNI
1882,NIR
1883,KIE
1884,ESE
1885,GLD
1886,VVL
1887,LAY
1888,DSH
1889,SHV
1890,HVS
1891,VSY
1892,SYI
1893,YIF
1894,IFD
1895,FDV
1896,DVN
1897,VNE
1898,NEI
1899,EIT
1900,ITP
1901,TPC
1902,PCP
1903,CPG
1904,ICI
1905,CIE
1906,ECL
1907,CLK
1908,KDS
1909,DSP
1910,SPY
1911,PYK
1912,YKN
1913,KIN
1914,DAY
1915,AYI
1916,QTQ
1917,TQF
1918,FER
1919,LVL
1920,VLK
1921,LKF
1922,GGG
1923,GCH
1924,CHS
1925,HSS
1926,SSI
1927,SIG
1928,IGV
1929,VFC
1930,FCK
1931,CKT
1932,KTD
1933,TDQ
1934,QDK
1935,KIY
1936,IYA
1937,YAF
1938,AFA
1939,FAS
1940,DKL
1941,KLI
1942,IKA
1943,DKD
1944,DDF
1945,DFL
1946,ANK
1947,SNM
1948,NML
1949,MLK
1950,LKS
1951,MNI
1952,IKI
1953,SRN
1954,RNS
1955,NSA
1956,WQT
1957,QTH
1958,THH
1959,HHI
1960,HIR
1961,IRD
1962,LIA
1963,IAQ
1964,QGH
1965,GHS
1966,HSV
1967,VEI
1968,ITM
1969,TMK
1970,MKT
1971,GDV
1972,VIL
1973,DTP
1974,TPL
1975,NSM
1976,SML
1977,EGS
1978,GSA
1979,SAD
1980,VPT
1981,PTT
1982,TTF
1983,TFP
1984,FPD
1985,DGL
1986,CVC
1987,VCS
1988,EDV
1989,DAM
1990,LSM
1991,MKY
1992,KYK
1993,AKV
1994,GTT
1995,TTS
1996,RRK
1997,RKM
1998,KMQ
1999,MQI
2000,DLD
2001,DII
2002,NVN
2003,VNS
2004,NSR
2005,NGE
2006,GEF
2007,EFD
2008,FDA
2009,AGI
2010,GIN
2011,INR
2012,NLS
2013,SKE
2014,KEV
2015,EVK
2016,VKF
2017,KFT
2018,FTS
2019,TSA
2020,AID
2021,DTI
2022,TIP
2023,IEA
2024,EAI
2025,KKE
2026,IEF
2027,NDE
2028,DEK
2029,VET
2030,ETT
2031,TTI
2032,TIE
2033,ERD
2034,RDF
2035,DFV
2036,FVH
2037,HTL
2038,TLN
2039,NGG
2040,API
2041,EVE
2042,LVD
2043,GSE
2044,SEI
2045,LRD
2046,KTY
2047,TYP
2048,YPK
2049,PKL
2050,AYK
2051,YKI
2052,GKN
2053,KNF
2054,NFA
2055,FAD
2056,DEF
2057,EFI
2058,FIA
2059,IAR
2060,ARG
2061,AKE
2062,KRA
2063,EEM
2064,EMV
2065,TRS
2066,RSS
2067,SSP
2068,AEF
2069,EFT
2070,TKA
2071,SRH
2072,RHF
2073,HFP
2074,PEL
2075,NIT
2076,ITL
2077,LVK
2078,VKT
2079,KTT
2080,GDM
2081,DMG
2082,MGL
2083,IEK
2084,EKH
2085,KHL
2086,HLL
2087,TGT
2088,GTP
2089,TPE
2090,VIS
2091,ISS
2092,SSF
2093,SFT
2094,TRD
2095,VII
2096,SKS
2097,KSG
2098,SGK
2099,PPN
2100,NAR
2101,ARM
2102,RMA
2103,MAT
2104,ATS
2105,RRM
2106,RMS
2107,MSQ
2108,LQI
2109,DIR
2110,TRF
2111,RFK
2112,KKF
2113,KFD
2114,FDD
2115,DDG
2116,DGE
2117,AMM
2118,MML
2119,YAG
2120,AGV
2121,GVY
2122,FSD
2123,SDR
2124,RIS
2125,ISE
2126,LPH
2127,HDV
2128,DVM
2129,VML
2130,MLP
2131,TRT
2132,RTD
2133,TDD
2134,DDA
2135,DAE
2136,AET
2137,ETI
2138,VRV
2139,RVM
2140,VMN
2141,MND
2142,NDS
2143,SNT
2144,NTE
2145,TEI
2146,EIC
2147,ICC
2148,CCR
2149,HLQ
2150,QGG
2151,CYG
2152,YIS
2153,ISG
2154,SGT
2155,KLL
2156,LAF
2157,SVD
2158,KTA
2159,LRN
2160,RNE
2161,TKP
2162,KPV
2163,PVN
2164,VNT
2165,NTP
2166,EEA
2167,AEA
2168,AEV
2169,SMG
2170,MGA
2171,EKI
2172,IRK
2173,RKT
2174,KTR
2175,MNF
2176,NFV
2177,FVI
2178,AQV
2179,QVQ
2180,VQT
2181,NKK
2182,KKH
2183,KHD
2184,HDI
2185,CEK
2186,VGD
2187,EVS
2188,VKD
2189,EVA
2190,VAM
2191,EQR
2192,QRA
2193,VPY
2194,PYE
2195,YEM
2196,EMP
2197,MPK
2198,KGF
2199,GFE
2200,AIP
2201,FKD
2202,RKG
2203,SSR
2204,RRR
2205,IVP
2206,PIR
2207,NVQ
2208,QTR
2209,RIE
2210,KEN
2211,ENL
2212,DGI
2213,GII
2214,RVN
2215,VNL
2216,LDH
2217,DHL
2218,HLI
2219,TDY
2220,DYF
2221,YFD
2222,FDT
2223,DTK
2224,KEM
2225,MVP
2226,PAI
2227,EVM
2228,VME
2229,MEE
2230,EEH
2231,EHP
2232,PKK
2233,ELF
2234,LFK
2235,DHY
2236,HYN
2237,YNS
2238,NSK
2239,KIC
2240,ICV
2241,AFM
2242,FMR
2243,MRE
2244,GDC
2245,DCH
2246,STI
2247,GAY
2248,IKD
2249,KDN
2250,NIM
2251,IMH
2252,MHI
2253,HII
2254,GIF
2255,IFE
2256,ERK
2257,RKN
2258,IIK
2259,ITG
2260,GTK
2261,DQY
2262,QYE
2263,YEK
2264,EHI
2265,LKT
2266,SQP
2267,QPF
2268,PFD
2269,FDP
2270,DPY
2271,PYV
2272,YVE
2273,EAF
2274,FEK
2275,EKY
2276,KYG
2277,YGR
2278,GRD
2279,RDT
2280,TAF
2281,FIP
2282,VLR
2283,RHK
2284,HKR
2285,VHE
2286,HEE
2287,EEQ
2288,EQL
2289,RDK
2290,KNV
2291,NVR
2292,VRK
2293,TYC
2294,YCG
2295,CGL
2296,GLI
2297,LIV
2298,TSQ
2299,SQR
2300,QRV
2301,VSE
2302,TLD
2303,DEA
2304,EAL
2305,QED
2306,EDE
2307,DET
2308,TER
2309,QKI
2310,ILM
2311,LME
2312,MET
2313,PIF
2314,IFT
2315,FTV
2316,VGP
2317,ATD
2318,GFQ
2319,FQQ
2320,QQT
2321,HGK
2322,KDC
2323,DCG
2324,CGR
2325,GRG
2326,RGE
2327,EEW
2328,EWY
2329,WYT
2330,TTT
2331,TTK
2332,TKQ
2333,KQH
2334,QHK
2335,HKP
2336,PLL
2337,LLF
2338,LFL
2339,FLV
2340,VGE
2341,KHR
2342,RDI
2343,IIQ
2344,IQR
2345,GDD
2346,DDR
2347,RVD
2348,IVY
2349,VYA
2350,YAT
2351,ATQ
2352,TQE
2353,ENT
2354,TET
2355,QIK
2356,KDT
2357,TIR
2358,RKH
2359,KHP
2360,PTI
2361,TID
2362,IDW
2363,DWI
2364,WIV
2365,VAF
2366,AFS
2367,FSP
2368,SPT
2369,TSI
2370,ICS
2371,CSL
2372,IGP
2373,GPT
2374,DYL
2375,YLK
2376,GTQ
2377,TQP
2378,QPN
2379,PNV
2380,NVV
2381,VSP
2382,APN
2383,PNP
2384,NPE
2385,ESL
2386,LAS
2387,ASS
2388,SIV
2389,AFD
2390,FDE
2391,NSS
2392,SLQ
2393,QAV
2394,AVK
2395,KDY
2396,YLL
2397,RIC
2398,ICD
2399,CDA
2400,ATF
2401,TFR
2402,FRE
2403,DSW
2404,SWE
2405,WER
2406,REQ
2407,EQG
2408,GGR
2409,SRV
2410,ENG
2411,GVN
2412,VNF
2413,NFS
2414,FSH
2415,HVF
2416,VFG
2417,FGE
2418,GEQ
2419,PPS
2420,PSA
2421,TEA
2422,ARP
2423,RPE
2424,RSF
2425,SFQ
2426,FQA
2427,MGV
2428,GVS
2429,VIH
2430,IHP
2431,PKN
2432,KNP
2433,NPY
2434,YVP
2435,TSH
2436,SHA
2437,HAN
2438,ANV
2439,VRF
2440,RFF
2441,FFV
2442,FVA
2443,EKE
2444,KEG
2445,EGE
2446,GEA
2447,EAP
2448,APV
2449,PVW
2450,VWW
2451,WWF
2452,WFG
2453,FGG
2454,GGF
2455,GFD
2456,FDL
2457,TPY
2458,PYY
2459,YYG
2460,YGF
2461,FEE
2462,VHW
2463,HWH
2464,WHQ
2465,HQT
2466,TAK
2467,KVA
2468,VAC
2469,ACQ
2470,CQP
2471,PFG
2472,FGK
2473,GKE
2474,EIY
2475,IYP
2476,YPE
2477,PEF
2478,EFK
2479,FKT
2480,KTW
2481,TWC
2482,WCD
2483,CDD
2484,DDY
2485,YFY
2486,FYL
2487,HRN
2488,NEP
2489,EPR
2490,RGV
2491,GGL
2492,DDL
2493,NRF
2494,RFD
2495,FDF
2496,DFD
2497,LMR
2498,MRS
2499,AYV
2500,PAY
2501,AYQ
2502,YQP
2503,QPI
2504,PIL
2505,RKD
2506,KDH
2507,HEF
2508,EFG
2509,FGD
2510,DRE
2511,RQF
2512,QFQ
2513,FQL
2514,YRR
2515,RGR
2516,GRY
2517,RYV
2518,VEF
2519,EFN
2520,FNL
2521,NLV
2522,LVY
2523,VYD
2524,YDR
2525,RGT
2526,GTI
2527,TIF
2528,IFG
2529,FGL
2530,LQS
2531,QSG
2532,SGG
2533,GRT
2534,TES
2535,LMS
2536,MSL
2537,PPL
2538,PLV
2539,LVR
2540,VRW
2541,RWD
2542,WDY
2543,YDY
2544,DYH
2545,PEP
2546,EPN
2547,PNS
2548,HKF
2549,FLI
2550,LIH
2551,IHR
2552,EWV
2553,GTA
2554,TAQ
2555,GRL
2556,RLC
2557,LCP
2558,CPP
2559,PPY
2560,PYG
2561,RSV
2562,SVR
2563,VRE
2564,LNM
2565,NMD
2566,MDV
2567,DVS
2568,IED
2569,EDR
2570,DRK
2571,RAW
2572,AWF
2573,WFE
2574,FEA
2575,DDI
2576,DIC
2577,ICA
2578,CAS
2579,SFE
2580,DAP
2581,APQ
2582,QGL
2583,GLY
2584,PGE
2585,EAG
2586,GRF
2587,RFT
2588,FTR
2589,TPW
2590,PWQ
2591,WQR
2592,QRT
2593,TDH
2594,DHS
2595,HSG
2596,SGA
2597,GVM
2598,MSM
2599,SMM
2600,MMS
2601,SGR
2602,LFE
2603,EKV
2604,GVH
2605,VHC
2606,HCS
2607,CST
2608,STV
2609,TVH
2610,VHG
2611,HGE
2612,EFA
2613,FAP
2614,APE
2615,AQI
2616,IPG
2617,ADD
2618,PRF
2619,RFW
2620,FWA
2621,WAS
2622,ASG
2623,SGI
2624,IAH
2625,AHL
2626,HLR
2627,RNP
2628,PHV
2629,VHM
2630,HMN
2631,MNT
2632,RFV
2633,FVV
2634,KAW
2635,TPV
2636,DRR
2637,RRT
2638,RTQ
2639,TQD
2640,QDD
2641,ADS
2642,IAF
2643,AFH
2644,FHA
2645,HAA
2646,AAM
2647,MKE
2648,KEA
2649,EAC
2650,CVQ
2651,VQP
2652,NGV
2653,GVA
2654,ADY
2655,YDK
2656,DKY
2657,YKK
2658,KKW
2659,KWC
2660,CDE
2661,EYF
2662,YLP
2663,PHR
2664,HRK
2665,RKE
2666,RGI
2667,GGI
2668,IFY
2669,FYD
2670,YDW
2671,DWH
2672,WHD
2673,HDS
2674,DSG
2675,GDW
2676,DWD
2677,WDA
2678,AFT
2679,FTQ
2680,DVG
2681,FLK
2682,VRR
2683,RRN
2684,RNF
2685,SAW
2686,AWT
2687,WTA
2688,ADR
2689,REE
2690,LYD
2691,KTG
2692,GGN
2693,LSS
2694,PPE
2695,PEV
2696,VKW
2697,KWP
2698,MQR
2699,QRD
2700,RDE
2701,EIP
2702,IPT
2703,PTD
2704,TDI
2705,EEK
2706,EKK
2707,KKQ
2708,KQA
2709,QRW
2710,RWF
2711,ELR
2712,SYE
2713,YEQ
2714,QLE
2715,QGP
2716,GPL
2717,LSD
2718,REP
2719,EPG
2720,PGR
2721,FVR
2722,VRT
2723,WQK
2724,QKD
2725,KDE
2726,DEG
2727,RGG
2728,MSI
2729,SIM
2730,MHG
2731,HGR
2732,RVF
2733,VFE
2734,VHV
2735,VYG
2736,YGE
2737,SPE
2738,FRK
2739,RKQ
2740,KQI
2741,PRY
2742,RYW
2743,YWA
2744,AHP
2745,HPQ
2746,PQN
2747,QNP
2748,NPN
2749,NVP
2750,TRM
2751,MVV
2752,RQW
2753,QWF
2754,DNR
2755,NRR
2756,DPD
2757,PDT
2758,FHK
2759,HKA
2760,KAF
2761,AFR
2762,FRF
2763,RFI
2764,FIC
2765,ICE
2766,KHK
2767,HKD
2768,VDY
2769,DYQ
2770,YQR
2771,KDW
2772,DWC
2773,YFF
2774,FLP
2775,NEA
2776,GTG
2777,DWL
2778,WLH
2779,LHS
2780,HSP
2781,GGW
2782,GWD
2783,ADF
2784,DFA
2785,FAY
2786,AYT
2787,YTR
2788,RGF
2789,GFS
2790,FSV
2791,VVY
2792,VYP
2793,VRQ
2794,RQN
2795,QNF
2796,NFN
2797,FNK
2798,NKD
2799,DWT
2800,WTD
2801,NEQ
2802,SMP
2803,MPP
2804,PPV
2805,PVV
2806,MTD
2807,DST
2808,STY
2809,TYD
2810,YDV
2811,RTY
2812,YLQ
2813,LQT
2814,IAD
2815,TDT
2816,DTW
2817,TWQ
2818,QRG
2819,GCT
2820,CTR
2821,IGF
2822,SDV
2823,SAS
2824,RPQ
2825,HPR
2826,PRN
2827,PYC
2828,YCP
2829,CPT
2830,MNV
2831,VRM
2832,MLI
2833,ATK
2834,KPG
2835,PVF
2836,VFW
2837,FWF
2838,GGM
2839,GMD
2840,PVY
2841,FED
2842,ARH
2843,HFH
2844,FHQ
2845,QTC
2846,TCK
2847,CKD
2848,KDA
2849,DPF
2850,FGI
2851,FKQ
2852,KQW
2853,QWC
2854,NET
2855,IFF
2856,DFS
2857,FSE
2858,SEP
2859,ERS
2860,SFD
2861,DLM
2862,LMQ
2863,MQS
2864,QSV
2865,SVG
2866,HAY
2867,IVE
2868,LPY
2869,DFQ
2870,AYR
2871,LVF
2872,VFD
2873,FDR
2874,TLF
2875,LFG
2876,VAN
2877,ANW
2878,NWR
2879,WRY
2880,RYN
2881,YNW
2882,NWQ
2883,WQP
2884,QPE
2885,PGS
2886,ARL
2887,RLY
2888,LYS
2889,YSD
2890,SDF
2891,VPR
2892,RDW
2893,DWV
2894,VNR
2895,RAY
2896,MRI
2897,ADT
2898,TWR
2899,WRR
2900,GPG
2901,GFF
2902,FFE
2903,SRP
2904,PIY
2905,IYG
2906,FHR
2907,HRT
2908,RTC
2909,TCR
2910,EPF
2911,FGA
2912,FEM
2913,EML
2914,MLQ
2915,PSY
2916,SYL
2917,RRD
2918,ILL
2919,PPT
2920,AGW
2921,GWR
2922,RYD
2923,WHP
2924,HPD
2925,PDP
2926,DPG
2927,PGT
2928,QSE
2929,SEF
2930,DWA
2931,TSD
2932,GKK
2933,KKA
2934,KAT
2935,FES
2936,QIC
2937,CAE
2938,EFE
2939,APT
2940,TDL
2941,DLY
2942,LYA
2943,GEP
2944,RKP
2945,KPW
2946,PWD
2947,WDR
2948,MMH
2949,TVF
2950,FGT
2951,TFT
2952,FTP
2953,PEM
2954,EMA
2955,MAK
2956,KNM
2957,NMP
2958,MPG
2959,FFA
2960,FAT
2961,ATG
2962,TGI
2963,AHM
2964,HMR
2965,RSP
2966,SPR
2967,PRV
2968,RVP
2969,ATT
2970,KSW
2971,SWF
2972,GGD
2973,LLG
2974,LGY
2975,GYQ
2976,QRQ
2977,RQQ
2978,QQD
2979,QDF
2980,DFP
2981,PDA
2982,IDF
2983,DFH
2984,RAC
2985,AHD
2986,PTW
2987,TWH
2988,WHA
2989,HAK
2990,AKY
2991,YKA
2992,AWC
2993,YDH
2994,DHH
2995,HHD
2996,WAK
2997,TLV
2998,GET
2999,ETW
3000,TWS
3001,WSA
3002,EER
3003,QQL
3004,LVQ
3005,VQR
3006,GTM
3007,TMF
3008,MFG
3009,NVE
3010,VES
3011,MAH
3012,HLD
3013,DKV
3014,KVK
3015,KEY
3016,EYL
3017,LCD
3018,CDG
3019,AAE
3020,EEG
3021,SWT
3022,WTR
3023,TRE
3024,IEN
3025,EVF
3026,SFH
3027,VSW
3028,SWV
3029,WVL
3030,TAH
3031,HGN
3032,FFI
3033,EGA
3034,AEP
3035,EPV
3036,TPF
3037,PFY
3038,YPV
3039,WHR
3040,HRV
3041,RVA
3042,VAQ
3043,ETC
3044,TCA
3045,CAP
3046,DVY
3047,KRW
3048,RWC
3049,YFT
3050,FTL
3051,TLH
3052,HHR
3053,NEW
3054,EWE
3055,WEF
3056,RCF
3057,CFA
3058,FQR
3059,EAY
3060,TEY
3061,EYG
3062,QAF
3063,FRR
3064,LVW
3065,VWD
3066,AQW
3067,QWQ
3068,WQY
3069,QYC
3070,YCW
3071,CWT
3072,WTP
3073,FLT
3074,TPR
3075,PRE
3076,WLE
3077,MAP
3078,VKA
3079,FLL
3080,CQQ
3081,QLS
3082,LSA
3083,SAV
3084,AVD
3085,FVE
3086,DAW
3087,AWQ
3088,QRE
3089,REG
3090,RDG
3091,FEQ
3092,QAG
3093,HVH
3094,AMP
3095,VHP
3096,EKP
3097,DPV
3098,FYG
3099,DLC
3100,RYK
3101,HRQ
3102,RQE
3103,DTC
3104,TCF
3105,FMQ
3106,GDG
3107,DGY
3108,GYL
3109,YLN
3110,NAY
3111,LPW
3112,PWG
3113,WGE
3114,REF
3115,EFQ
3116,QTG
3117,RWE
3118,WEY
3119,YGY
3120,YRD
3121,PVR
3122,WVK
3123,MRK
3124,KDR
3125,DRQ
3126,QNK
3127,ITE
3128,TEV
3129,GIY
3130,IYL
3131,LQN
3132,QNR
3133,KEE
3134,SRF
3135,RFQ
3136,FQE
3137,TLW
3138,LWE
3139,WEK
3140,RTR
3141,LTE
3142,EGH
3143,GHV
3144,HVI
3145,FSC
3146,CVY
3147,YGN
3148,GNQ
3149,TQK
3150,QKH
3151,PEI
3152,EIS
3153,SGF
3154,VHA
3155,ANF
3156,EAD
3157,PRW
3158,RWW
3159,GGY
3160,GYD
3161,YDL
3162,EDC
3163,DCR
3164,CRH
3165,RHW
3166,VAK
3167,AKK
3168,KAC
3169,CDR
3170,DRF
3171,RFG
3172,AIY
3173,FKA
3174,KAA
3175,AAC
3176,CFE
3177,FEF
3178,GDS
3179,DSF
3180,SFL
3181,PIM
3182,IMQ
3183,MQN
3184,NRK
3185,KNH
3186,NHP
3187,HPY
3188,PPR
3189,RVV
3190,VVW
3191,WRP
3192,RPN
3193,PNW
3194,NWE
3195,WEP
3196,SEE
3197,LYE
3198,YED
3199,YLV
3200,RNW
3201,NWV
3202,WVS
3203,VSV
3204,VSG
3205,MKP
3206,KPD
3207,AHQ
3208,HQV
3209,QVK
3210,KQF
3211,QFL
3212,NLQ
3213,QDT
3214,TIC
3215,TAV
3216,SWQ
3217,RNG
3218,PHN
3219,HNP
3220,IHW
3221,LCQ
3222,GED
3223,FDH
3224,DHC
3225,HCF
3226,KGY
3227,GYT
3228,YTD
3229,RKA
3230,KAM
3231,MAY
3232,AYG
3233,ERN
3234,NFQ
3235,QPK
3236,PKD
3237,KVR
3238,DWG
3239,MQE
3240,QEK
3241,KIS
3242,SKF
3243,KFE
3244,EDF
3245,LTQ
3246,LQQ
3247,QQN
3248,QNI
3249,EQH
3250,HET
3251,ETN
3252,TNA
3253,AAK
3254,AKF
3255,KFI
3256,ISD
3257,SDK
3258,DKW
3259,KWQ
3260,QKP
3261,PDQ
3262,DQK
3263,GYG
3264,SMI
3265,IIE
3266,GGE
3267,EIF
3268,KGV
3269,HGS
3270,AKR
3271,KRQ
3272,GKS
3273,KSF
3274,SFI
3275,NPF
3276,PFV
3277,FRI
3278,RIF
3279,IFI
3280,DTD
3281,PIW
3282,IWW
3283,YYP
3284,YPF
3285,NIC
3286,CDK
3287,DKH
3288,TYY
3289,YYS
3290,YSK
3291,DEC
3292,NDK
3293,DKS
3294,ECF
3295,CFN
3296,FNF
3297,FVT
3298,VTD
3299,TDC
3300,DCA
3301,CAN
3302,ANS
3303,NSY
3304,YLD
3305,YIP
3306,EYS
3307,YSQ
3308,SQK
3309,PPM
3310,MAS
3311,ASW
3312,SWR
3313,PEQ
3314,EQN
3315,QNS
3316,EAK
3317,KVY
3318,VYQ
3319,YQY
3320,QYI
3321,YIK
3322,IKP
3323,KPR
3324,WIK
3325,TTP
3326,TPS
3327,PSQ
3328,SQT
3329,NPA
3330,QVS
3331,VSF
3332,SFS
3333,FSS
3334,LPG
3335,RPV
3336,VAI
3337,VPE
3338,GSG
3339,GAG
3340,SGS
3341,ERF
3342,RFE
3343,FEG
3344,EGM
3345,MIR
3346,RRV
3347,RVQ
3348,VQG
3349,QGE
3350,KRF
3351,DVW
3352,WSR
3353,RPG
3354,PGG
3355,GVC
3356,VCV
3357,CVH
3358,HSR
3359,VLQ
3360,QDG
3361,DGN
3362,NVF
3363,EKA
3364,VNV
3365,NVS
3366,VCP
3367,CPR
3368,PRS
3369,SAY
3370,YRA
3371,AKG
3372,DGH
3373,GHK
3374,GPV
3375,PVP
3376,VPF
3377,PFF
3378,FFS
3379,SAG
3380,SSV
3381,PFA
3382,LHF
3383,HFN
3384,FNY
3385,NYR
3386,YRY
3387,RYF
3388,YFE
3389,FET
3390,ETD
3391,APK
3392,VPG
3393,GAP
3394,APR
3395,RSW
3396,SWW
3397,GGT
3398,YLI
3399,VKH
3400,KHF
3401,FHS
3402,SVQ
3403,QKQ
3404,TCD
3405,FYI
3406,IKH
3407,NER
3408,GLG
3409,YDQ
3410,QDM
3411,DML
3412,MLL
3413,LNF
3414,TEC
3415,VIP
3416,PFN
3417,FNE
3418,EQK
3419,QKA
3420,WQQ
3421,QQV
3422,QVR
3423,TFG
3424,ILV
3425,PLT
3426,ARW
3427,DHK
3428,KPE
3429,EWK
3430,WKL
3431,DAC
3432,ACI
3433,CIN
3434,NPK
3435,KEW
3436,KTF
3437,QDS
3438,PFI
3439,HPL
3440,PLN
3441,LPF
3442,GEE
3443,EVY
3444,QEQ
3445,VGN
3446,NGY
3447,GYA
3448,YAD
3449,ATP
3450,ERH
3451,HFQ
3452,FIQ
3453,SIS
3454,PYN
3455,EQI
3456,KSY
3457,QNT
3458,RFH
3459,FHE
3460,RIM
3461,IMT
3462,MTN
3463,TNG
3464,SAH
3465,GRH
3466,HFS
3467,TTH
3468,THA
3469,KED
3470,DSE
3471,GFV
3472,DCE
3473,CEH
3474,EHW
3475,ALN
3476,NAC
3477,ACL
3478,TIY
3479,DYN
3480,YNE
3481,HSF
3482,GDH
3483,DHF
3484,HFI
3485,AYE
3486,YEP
3487,EPI
3488,DIP
3489,IPF
3490,FGN
3491,GNR
3492,NRE
3493,REK
3494,FQN
3495,QNY
3496,RYA
3497,HWE
3498,EYN
3499,NWH
3500,KGS
3501,LYT
3502,TDF
3503,PAK
3504,WLK
3505,MNP
3506,NPT
3507,TAI
3508,AIF
3509,FDY
3510,RFL
3511,TSC
3512,SCM
3513,CML
3514,EGN
3515,IGN
3516,GNK
3517,KLP
3518,ASV
3519,SVA
3520,VAH
3521,EEP
3522,VHF
3523,CRD
3524,VAP
3525,EQY
3526,QYY
3527,KEC
3528,ECD
3529,DFN
3530,EQS
3531,QSF
3532,FIN
3533,QRR
3534,IPY
3535,PYS
3536,YSE
3537,NLI
3538,LIY
3539,IYD
3540,QSN
3541,NGR
3542,PPI
3543,IVK
3544,KWR
3545,DWK
3546,WKP
3547,DFI
3548,FIT
3549,WLT
3550,TEH
3551,EHK
3552,LGS
3553,SDP
3554,DPW
3555,PWW
3556,WWR
3557,VLG
3558,YAQ
3559,PRC
3560,RVC
3561,VCQ
3562,PQP
3563,QPR
3564,PRR
3565,YGP
3566,GPW
3567,PWA
3568,WAR
3569,SGL
3570,AAF
3571,AFG
3572,FGH
3573,HVQ
3574,AEM
3575,VPK
3576,PKS
3577,KSS
3578,SSG
3579,ARS
3580,SPS
3581,PSP
3582,RRC
3583,RCS
3584,STF
3585,TFM
3586,FMS
3587,MSS
3588,SPV
3589,PVT
3590,EDM
3591,DMK
3592,TKM
3593,KME
3594,LMI
3595,MIM
3596,TQA
3597,QVC
3598,VCR
3599,TVD
3600,VDR
3601,DRW
3602,ITC
3603,TCV
3604,ISV
3605,ANQ
3606,NQM
3607,MRG
3608,RGK
3609,PFT
3610,FTA
3611,VSS
3612,PYA
3613,YAP
3614,PTM
3615,TMH
3616,MHF
3617,FEV
3618,VEE
3619,GNT
3620,THW
3621,HWW
3622,GCD
3623,CDL
3624,TPT
3625,PTY
3626,LNQ
3627,NQE
3628,CDQ
3629,DQH
3630,QHG
3631,HGP
3632,GPD
3633,DIY
3634,FIV
3635,IVH
3636,VHR
3637,HRG
3638,PSK
3639,KTC
3640,VVP
3641,VPS
3642,SYV
3643,VKK
3644,KHC
3645,HCD
3646,DSY
3647,SYT
3648,YTP
3649,KLW
3650,TKF
3651,KFG
3652,TPG
3653,EYM
3654,YMH
3655,MHS
3656,PEN
3657,RHP
3658,WVH
3659,TPN
3660,SFF
3661,QID
3662,KEK
3663,EKF
3664,TEQ
3665,EQC
3666,QCW
3667,CWQ
3668,IMK
3669,EGT
3670,GAN
3671,RHY
3672,HYQ
3673,YQA
3674,PYI
3675,GFK
3676,WHT
3677,HTT
3678,ICR
3679,CRP
3680,RPY
3681,PKY
3682,YKE
3683,EWC
3684,CDN
3685,DNY
3686,NYF
3687,LFY
3688,YDD
3689,DFE
3690,FEH
3691,EHC
3692,NFT
3693,DIG
3694,IGK
3695,GFL
3696,VEK
3697,EKR
3698,KRK
3699,ILW
3700,LWG
3701,WEH
3702,EHD
3703,HDY
3704,KNW
3705,NWI
3706,TDR
3707,GKA
3708,KAR
3709,ARF
3710,RFA
3711,FAE
3712,AWE
3713,RPA
3714,FFC
3715,FCA
3716,YYA
3717,ASE
3718,DCV
3719,YFH
3720,FHL
3721,NQW
3722,QWD
3723,WDF
3724,FIR
3725,KHT
3726,HTP
3727,PPQ
3728,PQV
3729,RWG
3730,WGY
3731,YFL
3732,LTD
3733,DRD
3734,GQP
3735,EDI
3736,EGP
3737,SDQ
3738,DQE
3739,QEP
3740,DWS
3741,GRM
3742,MME
3743,HTS
3744,TST
3745,DFR
3746,HPV
3747,VNP
3748,SRW
3749,VLS
3750,DSQ
3751,QLF
3752,LFH
3753,MEI
3754,IAC
3755,ACR
3756,CRN
3757,RNH
3758,NHA
3759,HSN
3760,SNE
3761,NED
3762,FSM
3763,SMV
3764,MVY
3765,PKI
3766,KIV
3767,VRS
3768,LWT
3769,WTE
3770,VVR
3771,RWP
3772,TEN
3773,NKE
3774,ITS
3775,TSN
3776,SNW
3777,NWF
3778,WFT
3779,FTN
3780,TNL
3781,LLC
3782,CKE
3783,KEF
3784,KYA
3785,IKG
3786,KPA
3787,RTS
3788,TSW
3789,SWK
3790,WKR
3791,GCG
3792,CGI
3793,GIM
3794,IMS
3795,SLM
3796,MKG
3797,NIS
3798,SQE
3799,GKF
3800,KFF
3801,PLI
3802,AMH
3803,FNT
3804,TRY
3805,RYI
3806,YIE
3807,TSK
3808,ENE
3809,KFH
3810,FHT
3811,AFK
3812,YDS
3813,DSS
3814,SSY
3815,SYY
3816,KQC
3817,QCD
3818,YLR
3819,RHR
3820,KEP
3821,LNS
3822,NSG
3823,GNF
3824,EQD
3825,SVY
3826,KLF
3827,PWT
3828,QKE
3829,EYQ
3830,LMT
3831,KFN
3832,MNK
3833,SSW
3834,LVC
3835,VCA
3836,EEE
3837,EEY
3838,YAK
3839,KAK
3840,PGK
3841,DGG
3842,SVM
3843,VMK
3844,GKV
3845,KVF
3846,FSK
3847,SKA
3848,SGY
3849,GYY
3850,FSF
3851,RNK
3852,KWA
3853,AHH
3854,HHV
3855,HVK
3856,CQT
3857,NFI
3858,YTE
3859,AMV
3860,MVW
3861,VWG
3862,DWQ
3863,DAT
3864,TVV
3865,LQH
3866,QHR
3867,QLD
3868,QAS
3869,FAA
3870,TSR
3871,TQG
3872,AVF
3873,HVT
3874,AHK
3875,EWH
3876,HQS
3877,QSA
3878,SAK
3879,NLC
3880,NQA
3881,FDK
3882,DFM
3883,NGF
3884,TAY
3885,RWQ
3886,QYA
3887,YAY
3888,YDN
3889,NYL
3890,MES
3891,VDK
3892,DKQ
3893,HFL
3894,EAT
3895,AQF
3896,QFI
3897,EQM
3898,QMP
3899,VMH
3900,MHP
3901,GQH
3902,QHW
3903,FGS
3904,IYN
3905,NEH
3906,EWS
3907,WSF
3908,QCF
3909,AYM
3910,YMQ
3911,GEG
3912,EGY
3913,QPQ
3914,PQA
3915,AGT
3916,DKE
3917,YLM
3918,MQL
3919,QDQ
3920,CQR
3921,EQE
3922,AWH
3923,PGD
3924,QGN
3925,DCQ
3926,CQF
3927,QFW
3928,FWH
3929,HNT
3930,NTA
3931,EVC
3932,QWE
3933,DKC
3934,KCF
3935,CFD
3936,DYI
3937,KAV
3938,GYC
3939,YCD
3940,RKV
3941,KVT
3942,YSY
3943,EPQ
3944,QAD
3945,LYQ
3946,YQH
3947,QHY
3948,HYL
3949,MNE
3950,NEF
3951,RDY
3952,DLW
3953,ATW
3954,ACG
3955,CGV
3956,HIP
3957,VRY
3958,YFR
3959,GEM
3960,MVA
3961,VDE
3962,MHW
3963,ALC
3964,ERY
3965,DLG
3966,FQP
3967,QPG
3968,WLG
3969,MSD
3970,ALQ
3971,ICN
3972,CNV
3973,QSH
3974,SHF
3975,DHW
3976,HWQ
3977,DVC
3978,VCG
3979,CGT
3980,GTH
3981,THL
3982,HLN
3983,LNV
3984,GKQ
3985,KQV
3986,QVA
3987,YFV
3988,FVL
3989,AYF
3990,YFP
3991,FPI
3992,VTR
3993,RRH
3994,HDT
3995,YGD
3996,LFD
3997,ILI
3998,GYH
3999,LPR
4000,WLN
4001,NES
4002,TLQ
4003,QDN
4004,ICG
4005,GHA
4006,HAE
4007,ECW
4008,CWV
4009,WVR
4010,LVN
4011,VNG
4012,GAM
4013,PYL
4014,AHS
4015,QIY
4016,FMT
4017,MTC
4018,YMP
4019,LGW
4020,GWG
4021,WGD
4022,YNY
4023,DSA
4024,AIK
4025,ETH
4026,ILF
4027,FFP
4028,FPS
4029,VTP
4030,PGH
4031,GHI
4032,HIT
4033,ITF
4034,TFD
4035,FDW
4036,WCG
4037,CGF
4038,GFG
4039,DSR
4040,SRS
4041,SDC
4042,DCT
4043,CTN
4044,TNP
4045,NPQ
4046,PQS
4047,SPM
4048,IPQ
4049,QLC
4050,CPK
4051,KFS
4052,SSK
4053,SMF
4054,MFL
4055,LHW
4056,HWN
4057,WNN
4058,NNH
4059,NHS
4060,SFV
4061,SYD
4062,YFN
4063,FNC
4064,NCG
4065,VFY
4066,FYE
4067,YEG
4068,PRK
4069,KQY
4070,QYS
4071,YSC
4072,SCW
4073,CWD
4074,WDE
4075,GVD
4076,GWI
4077,WIE
4078,RFY
4079,FYT
4080,TKL
4081,YQM
4082,QMA
4083,SRC
4084,IQL
4085,APS
4086,PSS
4087,RTN
4088,NKQ
4089,KQL
4090,PDN
4091,DNP
4092,NPR
4093,SDT
4094,DTV
4095,TSV
4096,VQF
4097,QFV
4098,ICT
4099,CTK
4100,TKH
4101,PFC
4102,FCY
4103,CYL
4104,NHG
4105,HGC
4106,GCF
4107,CFT
4108,FTT
4109,FGV
4110,YVS
4111,FYY
4112,YYD
4113,TPQ
4114,PQI
4115,QIG
4116,GST
4117,STE
4118,ESH
4119,SHD
4120,DYV
4121,VCD
4122,CDY
4123,YLF
4124,LFM
4125,FME
4126,MEP
4127,GTY
4128,TYN
4129,NAS
4130,AST
4131,PTK
4132,YCM
4133,CMD
4134,MDT
4135,DTM
4136,TMN
4137,PVQ
4138,AVQ
4139,VQS
4140,SIW
4141,IWS
4142,WSE
4143,SEQ
4144,ASD
4145,SDD
4146,ACK
4147,CKA
4148,KAP
4149,APY
4150,CIF
4151,FYN
4152,PYT
4153,YTV
4154,VTN
4155,NGS
4156,DAN
4157,ANH
4158,DDE
4159,DEV
4160,RMM
4161,MMM
4162,MMQ
4163,MQG
4164,GLL
4165,SSC
4166,SCI
4167,CIS
4168,SPQ
4169,QGS
4170,STP
4171,YST
4172,TEM
4173,EMI
4174,MIY
4175,IYE
4176,PNY
4177,NYG
4178,SCP
4179,CPQ
4180,PQF
4181,QFY
4182,FYK
4183,YKL
4184,GNE
4185,NEN
4186,ENI
4187,SYF
4188,TWV
4189,LLV
4190,VVV
4191,VVI
4192,LIF
4193,IFV
4194,LRF
4195,VSC
4196,CII
4197,SLG
4198,FDN
4199,NPP
4200,PTN
4201,TNV
4202,VSH
4203,SHL
4204,DWF
4205,WFL
4206,FLF
4207,DCN
4208,CNH
4209,NHV
4210,HVV
4211,NTN
4212,RNY
4213,NYS
4214,SYM
4215,YMD
4216,PAL
4217,CDS
4218,AGN
4219,SIF
4220,IFR
4221,FHF
4222,HFT
4223,DFY
4224,NYT
4225,YTG
4226,EGQ
4227,GQQ
4228,QQI
4229,PYH
4230,YHA
4231,HAF
4232,FKC
4233,KCT
4234,CTT
4235,GSN
4236,DIW
4237,IWM
4238,WMQ
4239,NKG
4240,TQV
4241,QVY
4242,VYK
4243,NMA
4244,AVY
4245,YRS
4246,SLT
4247,LTF
4248,TFV
4249,FVN
4250,YVY
4251,VYN
4252,YNG
4253,QST
4254,CKS
4255,NNP
4256,YIA
4257,EAN
4258,NFG
4259,DYY
4260,YYY
4261,YYK
4262,YKV
4263,KVE
4264,YLS
4265,YIV
4266,PLC
4267,IFN
4268,FNG
4269,NTK
4270,KYY
4271,SQY
4272,YYF
4273,DTG
4274,TGV
4275,VIY
4276,YGL
4277,NST
4278,TIT
4279,TGF
4280,NCH
4281,CHY
4282,PSG
4283,GNY
4284,YLA
4285,AIS
4286,ISN
4287,KAI
4288,ICL
4289,CLN
4290,NKR
4291,VQV
4292,VVD
4293,RWN
4294,NNA
4295,QSD
4296,SDN
4297,DNM
4298,NMT
4299,MTA
4300,YCY
4301,CYF
4302,FRN
4303,TTN
4304,TNY
4305,YVG
4306,YDI
4307,INH
4308,SPC
4309,PCF
4310,CFS
4311,SQQ
4312,QQG
4313,VFR
4314,FRY
4315,DNV
4316,SVW
4317,VWP
4318,WPL
4319,SYG
4320,GRC
4321,RCP
4322,PDV
4323,PIC
4324,YDP
4325,DPL
4326,GIL
4327,IVV
4328,LYF
4329,YFM
4330,FMV
4331,MVD
4332,VDN
4333,IFL
4334,FFN
4335,NFC
4336,GFN
4337,EPL
4338,NHD
4339,HDW
4340,INN
4341,NLK
4342,IKN
4343,KNY
4344,DIH
4345,HPS
4346,PSL
4347,LCN
4348,CNN
4349,NNG
4350,SSA
4351,SYH
4352,YHF
4353,SPH
4354,PHH
4355,HRF
4356,CFF
4357,NDV
4358,VWI
4359,WIF
4360,NKV
4361,FYR
4362,YSN
4363,LFR
4364,RYL
4365,FVD
4366,ILY
4367,LYN
4368,YNF
4369,FSI
4370,KAN
4371,ANI
4372,CNS
4373,NSN
4374,SNI
4375,SLN
4376,NPI
4377,STN
4378,VYF
4379,CLF
4380,KSN
4381,YYN
4382,YNM
4383,SSD
4384,LDC
4385,CTY
4386,SYK
4387,KIF
4388,IFS
4389,FST
4390,STG
4391,SIP
4392,LCF
4393,KSK
4394,SKQ
4395,YNV
4396,ISY
4397,GSF
4398,FLY
4399,DNF
4400,IWP
4401,WPR
4402,RFS
4403,SFG
4404,GNC
4405,NCP
4406,KLN
4407,LNC
4408,NCF
4409,CFY
4410,QGI
4411,IVF
4412,VYH
4413,YHG
4414,RFC
4415,FCL
4416,CSI
4417,FGF
4418,FND
4419,NDD
4420,DDW
4421,CTS
4422,GNN
4423,NND
4424,KKM
4425,KMA
4426,QPT
4427,NVG
4428,YKS
4429,SEA
4430,FSL
4431,VFT
4432,STS
4433,SNY
4434,VNH
4435,TVW
4436,PLF
4437,LFP
4438,FPF
4439,VIV
4440,IVI
4441,NGI
4442,GIR
4443,RQH
4444,MFF
4445,CLQ
4446,QVN
4447,LHN
4448,HNG
4449,NLY
4450,KRM
4451,RMF
4452,MFE
4453,KPK
4454,PKA
4455,GAS
4456,NQS
4457,STW
4458,TWI
4459,WIG
4460,TDK
4461,SNS
4462,SAF
4463,AFP
4464,FPR
4465,AKT
4466,TAD
4467,KFR
4468,LML
4469,FGP
4470,GPP
4471,KVD
4472,YLY
4473,YQG
4474,QGC
4475,CGK
4476,GKH
4477,HKV
4478,VNW
4479,NWS
4480,WSP
4481,PHA
4482,AIN
4483,INC
4484,NCY
4485,CYR
4486,YRK
4487,NWT
4488,DIK
4489,FQK
4490,QKN
4491,NIY
4492,YEL
4493,ASQ
4494,SQS
4495,SHC
4496,HCM
4497,CMS
4498,VNA
4499,KTI
4500,IPL
4501,PLQ
4502,LQV
4503,QVT
4504,NCN
4505,NNS
4506,NSF
4507,QEV
4508,KPS
4509,SEN
4510,NKC
4511,KCG
4512,AFF
4513,FFT
4514,PTQ
4515,QFG
4516,TYE
4517,YEC
4518,ECK
4519,CKL
4520,ASC
4521,SCY
4522,YFI
4523,FIY
4524,RGC
4525,YFQ
4526,QVI
4527,KVV
4528,MQC
4529,CDM
4530,RYS
4531,LLM
4532,MPE
4533,RSY
4534,YCF
4535,FDM
4536,KGP
4537,IWG
4538,WGK
4539,SDY
4540,VDQ
4541,CLS
4542,LST
4543,PGC
4544,GCM
4545,KQK
4546,KPY
4547,YIG
4548,DDH
4549,HHG
4550,QEM
4551,EMR
4552,LDY
4553,DYE
4554,YEA
4555,ARC
4556,ISQ
4557,SGW
4558,GWV
4559,WVN
4560,SPF
4561,TEK
4562,KYL
4563,PPK
4564,FGR
4565,CPL
4566,EES
4567,KIP
4568,IPD
4569,DTT
4570,TTV
4571,KSR
4572,GID
4573,IDD
4574,ETG
4575,SRK
4576,KES
4577,GVT
4578,IQI
4579,INI
4580,NIA
4581,ISH
4582,HDE
4583,AIR
4584,ENA
4585,LGE
4586,ISI
4587,QES
4588,SLW
4589,WEL
4590,ITN
4591,TNR
4592,NRA
4593,GCW
4594,CWI
4595,WII
4596,IDN
4597,DNN
4598,DQS
4599,QSC
4600,CQN
4601,FIF
4602,FKF
4603,TAP
4604,IPP
4605,TKI
4606,KID
4607,FYW
4608,YWG
4609,WGS
4610,AIT
4611,TAT
4612,RTK
4613,KKK
4614,VMA
4615,YGT
4616,RYY
4617,YYT
4618,YTH
4619,GRK
4620,RYR
4621,EVQ
4622,VQD
4623,VEY
4624,EYH
4625,YHM
4626,HMY
4627,MYL
4628,YLG
4629,KHI
4630,HIE
4631,IEP
4632,EMH
4633,MHN
4634,HND
4635,NDG
4636,QDA
4637,AIA
4638,APH
4639,PHY
4640,HYS
4641,TFS
4642,VKS
4643,QEE
4644,LGN
4645,NLT
4646,IHG
4647,HGI
4648,IDS
4649,SWY
4650,WYK
4651,EPK
4652,QYW
4653,YWV
4654,WVD
4655,KSI
4656,SIY
4657,IYS
4658,YSG
4659,SGM
4660,GMS
4661,IVS
4662,MGD
4663,GDP
4664,PYP
4665,DQL
4666,NYA
4667,VGW
4668,WQS
4669,PWI
4670,DVQ
4671,QDL
4672,NEK
4673,YTS
4674,FVY
4675,PVG
4676,EHL
4677,VLY
4678,DND
4679,NDF
4680,FEC
4681,CKV
4682,EIG
4683,YYR
4684,MPN
4685,FID
4686,IDC
4687,DCL
4688,CLT
4689,ESV
4690,MNC
4691,CPA
4692,SYS
4693,FRP
4694,RPP
4695,PPP
4696,MHC
4697,HCT
4698,SSN
4699,SNR
4700,KHS
4701,LVT
4702,SNP
4703,NPL
4704,GGP
4705,LDD
4706,PFL
4707,LFN
4708,NLF
4709,LFA
4710,IRL
4711,VFQ
4712,FQF
4713,FLQ
4714,RHI
4715,DAQ
4716,RKC
4717,KCL
4718,CLW
4719,VYV
4720,VGM
4721,GMR
4722,MRY
4723,YWH
4724,HPF
4725,IKR
4726,KRD
4727,YPQ
4728,QFS
4729,VNM
4730,NMQ
4731,MQH
4732,QHT
4733,TVI
4734,IPS
4735,PSW
4736,WYQ
4737,GYI
4738,MAN
4739,PNQ
4740,NQV
4741,VIF
4742,HGV
4743,GVP
4744,EME
4745,ECV
4746,CVD
4747,LIM
4748,DKR
4749,YTL
4750,PVE
4751,VEW
4752,VEN
4753,AVP
4754,PIS
4755,SEH
4756,EYK
4757,GIK
4758,NWG
4759,WGR
4760,GTE
4761,TEP
4762,EPM
4763,PMF
4764,MFI
4765,VGA
4766,NLE
4767,QSL
4768,ATY
4769,VTM
4770,TMW
4771,MWE
4772,WEW
4773,EWG
4774,WGW
4775,GWT
4776,WTK
4777,KSA
4778,TWN
4779,WNG
4780,TGK
4781,HQW
4782,QWG
4783,WGI
4784,DEP
4785,EPT
4786,KRY
4787,VID
4788,FKW
4789,WQF
4790,LNY
4791,NYM
4792,YMI
4793,KRS
4794,PKV
4795,EIW
4796,IWT
4797,ISR
4798,SRQ
4799,QQQ
4800,QDY
4801,FNR
4802,NRQ
4803,QNQ
4804,NQN
4805,QNV
4806,NVL
4807,LVE
4808,MSY
4809,GNP
4810,PSI
4811,RLI
4812,PQY
4813,YSS
4814,SST
4815,FAR
4816,TQQ
4817,QQR
4818,QRN
4819,NIV
4820,FIH
4821,HSY
4822,YHN
4823,LYI
4824,IQA
4825,ANT
4826,FHG
4827,GIP
4828,RYQ
4829,YQT
4830,GDF
4831,PEH
4832,HCQ
4833,CQK
4834,QKT
4835,EQW
4836,QWL
4837,WLV
4838,VTY
4839,TYQ
4840,WLQ
4841,LQP
4842,QPY
4843,SQG
4844,GVK
4845,VIC
4846,ADC
4847,CLE
4848,ENF
4849,NFL
4850,NAG
4851,GGQ
4852,SYR
4853,NAN
4854,NTD
4855,DHI
4856,TKT
4857,HDQ
4858,DQR
4859,YLW
4860,LWC
4861,WCP
4862,LLH
4863,FII
4864,PTR
4865,YQQ
4866,QVW
4867,VWT
4868,MVI
4869,KQQ
4870,MTY
4871,TYG
4872,EGW
4873,GWA
4874,KER
4875,RNL
4876,NLP
4877,VRL
4878,HAH
4879,PEY
4880,WEQ
4881,HGQ
4882,GEH
4883,MSF
4884,RYE
4885,YER
4886,YGH
4887,GHQ
4888,HQC
4889,QCR
4890,CRR
4891,SQW
4892,QWT
4893,FQS
4894,VTI
4895,ICP
4896,PAF
4897,VQN
4898,IFM
4899,FMA
4900,EQF
4901,FEY
4902,NSD
4903,AHI
4904,MMV
4905,LIC
4906,MNN
4907,NNK
4908,VDM
4909,DMN
4910,MNR
4911,FIW
4912,IWC
4913,LHG
4914,VWM
4915,WME
4916,MED
4917,VYS
4918,RQV
4919,VAL
4920,QPA
4921,YSR
4922,FDQ
4923,QYK
4924,YKT
4925,LPN
4926,PNF
4927,FTM
4928,TMV
4929,MVH
4930,HNY
4931,NYH
4932,YHD
4933,DHP
4934,LSW
4935,WKE
4936,YVL
4937,LCS
4938,CSY
4939,QRF
4940,HCI
4941,CIR
4942,TTE
4943,IGM
4944,SYQ
4945,EAW
4946,TSE
4947,KGI
4948,VDC
4949,IYM
4950,YMT
4951,KYT
4952,YTF
4953,IPC
4954,PCL
4955,EMM
4956,MMA
4957,INL
4958,PDS
4959,SLE
4960,VEP
4961,YNL
4962,DIF
4963,PFQ
4964,QKV
4965,KKT
4966,TRH
4967,HYY
4968,YYE
4969,LMG
4970,MGG
4971,EQT
4972,QER
4973,DYK
4974,YWK
4975,INE
4976,EVI
4977,AFN
4978,SKK
4979,ADH
4980,EHF
4981,HFY
4982,AWA
4983,WAE
4984,PYQ
4985,YQE
4986,EKT
4987,MEN
4988,NFP
4989,QSK
4990,GKW
4991,KWL
4992,EPS
4993,PST
4994,STD
4995,EHS
4996,HSE
4997,TLY
4998,QYR
4999,GYE
5000,YEE
5001,EEF
5002,LRT
5003,PYF
5004,ISA
5005,VKN
5006,FKY
5007,LWP
5008,WPE
5009,AQD
5010,DEN
5011,PPC
5012,PCG
5013,CGP
5014,RRY
5015,LWM
5016,WMP
5017,LTM
5018,TMR
5019,RPK
5020,GIW
5021,GVR
5022,AMR
5023,RYG
5024,YGK
5025,GKP
5026,ERG
5027,CDH
5028,RHA
5029,DQP
5030,FHN
5031,DPA
5032,EFW
5033,FWQ
5034,GRP
5035,PQK
5036,YSI
5037,RDC
5038,CLD
5039,VTF
5040,TFQ
5041,RWL
5042,EPY
5043,VVC
5044,QEC
5045,QFR
5046,NDC
5047,DCP
5048,PPW
5049,RGW
5050,GWP
5051,WPT
5052,VSQ
5053,AQT
5054,QTP
5055,TSY
5056,GPM
5057,PMR
5058,IEW
5059,LIW
5060,IWY
5061,WYP
5062,YPI
5063,LYG
5064,YGI
5065,GIV
5066,TRP
5067,RPR
5068,RSG
5069,RIW
5070,IWN
5071,WNH
5072,NHE
5073,HEN
5074,ENN
5075,NNE
5076,ESP
5077,TYT
5078,VDW
5079,WAM
5080,QPS
5081,SIT
5082,GCE
5083,IFP
5084,FPL
5085,YSA
5086,TVN
5087,VND
5088,KKR
5089,FMP
5090,VYI
5091,HLA
5092,FKP
5093,LTS
5094,PYR
5095,YRQ
5096,QQC
5097,QCL
5098,DEM
5099,MRA
5100,RAT
5101,NPG
5102,GEN
5103,SHI
5104,GMK
5105,MKV
5106,KVI
5107,MRF
5108,EPP
5109,RTG
5110,PTP
5111,PRA
5112,AVR
5113,VWQ
5114,WQV
5115,QVL
5116,TLI
5117,KKY
5118,RVY
5119,VYT
5120,RQT
5121,VRH
5122,ASN
5123,SNA
5124,YQV
5125,YAM
5126,ERV
5127,MPM
5128,PMY
5129,MYP
5130,RMR
5131,NQP
5132,TVR
5133,RQY
5134,HPA
5135,YIH
5136,IHA
5137,EQV
5138,WAQ
5139,DQC
5140,STL
5141,LEC
5142,CRV
5143,RVT
5144,AEW
5145,YTA
5146,DVF
5147,FCP
5148,GME
5149,MEV
5150,RIP
5151,GAH
5152,HAW
5153,AWI
5154,AEN
5155,QGW
5156,WPV
5157,QPD
5158,PDM
5159,DMV
5160,MVN
5161,ART
5162,TPK
5163,VLW
5164,LWW
5165,WWP
5166,WPI
5167,YRT
5168,TIW
5169,RNR
5170,RVE
5171,TIV
5172,AVC
5173,CDT
5174,WRH
5175,YHR
5176,HRS
5177,SFW
5178,WQE
5179,QEH
5180,EHG
5181,VFS
5182,PKC
5183,KCC
5184,CCI
5185,CID
5186,SQC
5187,DEW
5188,WLL
5189,LTY
5190,IRH
5191,RHV
5192,HVD
5193,FAV
5194,NRN
5195,PAH
5196,HAD
5197,ALT
5198,MGR
5199,RPF
5200,LAW
5201,WLI
5202,ASK
5203,QEN
5204,ENY
5205,RQI
5206,EMG
5207,YWN
5208,WNP
5209,RDH
5210,EMW
5211,WYD
5212,SAM
5213,QCP
5214,CPN
5215,DQV
5216,QVH
5217,HIF
5218,QIE
5219,ECT
5220,IMR
5221,NRP
5222,QEI
5223,THP
5224,HPM
5225,KPT
5226,QIT
5227,ITH
5228,ANM
5229,NMK
5230,MKM
5231,KMY
5232,PQE
5233,ERW
5234,WGM
5235,EVW
5236,VWN
5237,AMI
5238,MIG
5239,TGQ
5240,HFV
5241,VGL
5242,MLF
5243,ENV
5244,NVT
5245,EHY
5246,HYF
5247,HFG
5248,SPI
5249,PIN
5250,ING
5251,QIS
5252,AGH
5253,GHP
5254,VFF
5255,FFG
5256,PMV
5257,MVE
5258,AWG
5259,WGG
5260,GCK
5261,CKQ
5262,QYF
5263,VQL
5264,HSI
5265,RHG
5266,VHY
5267,TGH
5268,HQD
5269,SGP
5270,VPW
5271,PWL
5272,VDH
5273,SDH
5274,WDL
5275,DNE
5276,REY
5277,SGV
5278,NPV
5279,PGY
5280,SVN
5281,CSP
5282,LCC
5283,CCG
5284,GVQ
5285,VQE
5286,MDF
5287,VPP
5288,DHV
5289,HVA
5290,YLH
5291,YFG
5292,VKV
5293,KVM
5294,RDN
5295,AWS
5296,WSG
5297,SCT
5298,CTQ
5299,TQY
5300,VEM
5301,EMF
5302,MFA
5303,FAG
5304,KVP
5305,LGP
5306,VAY
5307,IVC
5308,CPI
5309,AGM
5310,GML
5311,MLM
5312,MAR
5313,NAQ
5314,IDE
5315,RCG
5316,PAR
5317,TGP
5318,GCL
5319,CLA
5320,APC
5321,PCR
5322,PPH
5323,PHC
5324,HCA
5325,MEF
5326,HYM
5327,TVM
5328,MAM
5329,VFA
5330,NAD
5331,EPA
5332,FGC
5333,EPC
5334,PNR
5335,VPD
5336,PFR
5337,LVH
5338,RII
5339,RNV
5340,VQQ
5341,QQK
5342,VYL
5343,QIV
5344,WET
5345,VYE
5346,TVQ
5347,ALH
5348,SAP
5349,YFA
5350,FAQ
5351,QPH
5352,FSY
5353,HLC
5354,SSH
5355,AHC
5356,IVN
5357,DCC
5358,CCN
5359,CNT
5360,PVH
5361,ATC
5362,TCY
5363,QVF
5364,PDR
5365,DRH
5366,RHS
5367,EPW
5368,WLS
5369,HEL
5370,KRI
5371,ETF
5372,FVQ
5373,ESF
5374,NDQ
5375,PPF
5376,RTW
5377,TWL
5378,ASH
5379,SHR
5380,TDP
5381,YKW
5382,KWF
5383,WFP
5384,ITR
5385,QQH
5386,TYF
5387,YFK
5388,AMQ
5389,STQ
5390,DNL
5391,KTQ
5392,TQR
5393,YHT
5394,HTN
5395,TNE
5396,TIQ
5397,YEN
5398,ENM
5399,NMG
5400,REH
5401,HCK
5402,QTV
5403,ENQ
5404,WGL
5405,DQF
5406,SQN
5407,NIQ
5408,QKM
5409,ANG
5410,IQM
5411,QMM
5412,NQT
5413,QTS
5414,RPS
5415,QNA
5416,LLW
5417,WQI
5418,EKQ
5419,QVE
5420,DYT
5421,PGI
5422,NYW
5423,HQH
5424,YHE
5425,HEQ
5426,VEC
5427,QAW
5428,WIA
5429,VPH
5430,PHT
5431,KNN
5432,NNN
5433,YGV
5434,DMT
5435,MTR
5436,TRW
5437,WLW
5438,GCN
5439,QQP
5440,NHY
5441,PDY
5442,SVT
5443,DFW
5444,ADN
5445,PQH
5446,QHC
5447,HCH
5448,CHA
5449,MPR
5450,KMS
5451,SMS
5452,VMC
5453,MCP
5454,QCK
5455,VFN
5456,NDN
5457,MMK
5458,VTQ
5459,TQH
5460,QHS
5461,HSQ
5462,DDN
5463,DNK
5464,VRG
5465,RKK
5466,KKS
5467,QKY
5468,KYR
5469,DES
5470,EST
5471,STR
5472,SHT
5473,HTK
5474,AHT
5475,HTG
5476,DVH
5477,PHG
5478,YET
5479,VEH
5480,PNL
5481,VVQ
5482,FYA
5483,YAH
5484,IRP
5485,KPF
5486,LSY
5487,EGC
5488,GCC
5489,CCT
5490,CTE
5491,TAN
5492,NVC
5493,VCY
5494,IRE
5495,VEQ
5496,VGH
5497,GHT
5498,HTE
5499,TEW
5500,AWP
5501,WPQ
5502,EET
5503,ETK
5504,ACP
5505,CPS
5506,FVC
5507,CDC
5508,DHG
5509,FTY
5510,WID
5511,MDK
5512,LMN
5513,MNL
5514,GPF
5515,PFP
5516,FPV
5517,RST
5518,QAR
5519,NAT
5520,ADM
5521,IDQ
5522,MRC
5523,RCV
5524,CVR
5525,WFS
5526,KSM
5527,LCE
5528,CEL
5529,KAH
5530,YKQ
5531,DCS
5532,IIN
5533,EKC
5534,CLG
5535,LGH
5536,SNV
5537,PTF
5538,ISC
5539,EKW
5540,WQW
5541,GWN
5542,SSE
5543,LHK
5544,HKL
5545,IRI
5546,PIP
5547,FFQ
5548,YVA
5549,SDI
5550,IRC
5551,WFN
5552,FNN
5553,NEG
5554,ASM
5555,SMA
5556,CND
5557,NAH
5558,YKD
5559,YIN
5560,KEH
5561,DTY
5562,YPM
5563,AMF
5564,MFV
5565,FVF
5566,VFI
5567,IIC
5568,CLL
5569,NGP
5570,LHY
5571,SPW
5572,WIW
5573,IWK
5574,KPI
5575,WLP
5576,AQQ
5577,FAH
5578,GMC
5579,MCY
5580,SCS
5581,KTM
5582,QHP
5583,IYF
5584,ECC
5585,CCL
5586,DYP
5587,VMM
5588,MMT
5589,MTF
5590,TME
5591,MEK
5592,EFF
5593,HGG
5594,YEY
5595,NQF
5596,FLM
5597,LMD
5598,MDP
5599,YVI
5600,PWP
5601,KRP
5602,WWD
5603,SKR
5604,WSH
5605,SHG
5606,QGF
5607,QFA
5608,AKS
5609,LKM
5610,MQF
5611,RPH
5612,EQP
5613,PYD
5614,HLH
5615,HCL
5616,DDC
5617,CCM
5618,CMT
5619,APA
5620,AQC
5621,QCI
5622,CIQ
5623,MGI
5624,KWS
5625,WSV
5626,AKW
5627,DCI
5628,DPN
5629,NWA
5630,MTE
5631,YVV
5632,AYS
5633,KPH
5634,PHW
5635,HWP
5636,WPH
5637,HRL
5638,QPV
5639,LCY
5640,CLR
5641,GRW
5642,RWS
5643,NDH
5644,PAW
5645,AWV
5646,WVG
5647,EMS
5648,QQM
5649,QMK
5650,KAQ
5651,WTH
5652,GNH
5653,NHC
5654,CFK
5655,CCK
5656,CKN
5657,KNA
5658,KEQ
5659,VPC
5660,PQW
5661,QWA
5662,TLC
5663,WWE
5664,WEE
5665,MAE
5666,AKQ
5667,EHQ
5668,HQL
5669,YEH
5670,QGY
5671,FPK
5672,CCH
5673,CHG
5674,HGA
5675,SVC
5676,RGQ
5677,GQC
5678,QSM
5679,GQE
5680,PEW
5681,DMC
5682,MCE
5683,PNN
5684,PRI
5685,FLW
5686,LWA
5687,WAI
5688,VWE
5689,WEG
5690,NQQ
5691,HAR
5692,GSM
5693,MGP
5694,FNI
5695,SVH
5696,VMD
5697,KLC
5698,FPQ
5699,KQR
5700,YTI
5701,PDK
5702,KLM
5703,LMF
5704,MFS
5705,RCK
5706,CKC
5707,CTA
5708,SQD
5709,EWI
5710,QEW
5711,ENR
5712,NRD
5713,QEY
5714,YHY
5715,HYI
5716,MEA
5717,AKP
5718,PAD
5719,TSM
5720,PWK
5721,WKW
5722,KWY
5723,KAY
5724,WNK
5725,TRN
5726,QEG
5727,MRW
5728,HDD
5729,ETY
5730,LDW
5731,IPM
5732,QGD
5733,YYC
5734,YCQ
5735,CQC
5736,NFM
5737,MVT
5738,VIN
5739,KFA
5740,DGM
5741,MTS
5742,VDP
5743,DPK
5744,KPM
5745,PMW
5746,MWR
5747,WNQ
5748,MKL
5749,LDF
5750,FEP
5751,PKP
5752,GAQ
5753,TFH
5754,FHH
5755,HHA
5756,MVR
5757,VMP
5758,MPF
5759,HYK
5760,YKH
5761,QKR
5762,IYW
5763,WGN
5764,NWD
5765,WDP
5766,RQM
5767,CYS
5768,GCR
5769,CRQ
5770,MGF
5771,FNH
5772,HPG
5773,QTI
5774,TKV
5775,PMG
5776,MGM
5777,GMA
5778,DNC
5779,NCD
5780,QPW
5781,MDD
5782,DHM
5783,HME
5784,IKM
5785,MIC
5786,PWH
5787,PQD
5788,QDC
5789,CLY
5790,PIH
5791,DSC
5792,SCD
5793,NQG
5794,IFW
5795,FWK
5796,YQK
5797,PLK
5798,DRS
5799,RSH
5800,PSM
5801,TVC
5802,TPP
5803,SIH
5804,PFK
5805,MIV
5806,HGM
5807,GMP
5808,MPQ
5809,QSQ
5810,QCV
5811,CVA
5812,DDK
5813,DQW
5814,FMH
5815,GWL
5816,IAP
5817,VRI
5818,RIY
5819,LFW
5820,HEK
5821,RGH
5822,GHL
5823,KGC
5824,KSH
5825,MEH
5826,DSD
5827,GPK
5828,YII
5829,FAI
5830,INM
5831,NMR
5832,KYN
5833,YNP
5834,NFD
5835,DIS
5836,CCY
5837,CYP
5838,DDD
5839,DKN
5840,YSF
5841,FQI
5842,GPI
5843,PIE
5844,PNT
5845,KKD
5846,HVE
5847,KYE
5848,YEV
5849,VQY
5850,GTN
5851,LTN
5852,TNI
5853,INK
5854,DTN
5855,PNE
5856,TKC
5857,CLC
5858,EYV
5859,YVK
5860,LRY
5861,AHV
5862,VNK
5863,KIQ
5864,NNT
5865,TNT
5866,PNK
5867,NKF
5868,CNL
5869,MRQ
5870,WMD
5871,MDG
5872,DVD
5873,HIV
5874,RKR
5875,KRR
5876,QRC
5877,RCR
5878,KML
5879,KGT
5880,QVM
5881,DMI
5882,FPT
5883,NKY
5884,YNQ
5885,YPP
5886,FQT
5887,NYK
5888,KTP
5889,LYC
5890,CHI
5891,CAK
5892,YFC
5893,FCG
5894,CGC
5895,TII
5896,DQQ
5897,QRP
5898,HWG
5899,NPC
5900,PCY
5901,YVD
5902,IFA
5903,QLG
5904,FNS
5905,NSQ
5906,SQV
5907,AVN
5908,IQP
5909,LFQ
5910,MDW
5911,FDS
5912,PHQ
5913,HQN
5914,KMP
5915,KIM
5916,GYV
5917,YVF
5918,MDH
5919,HFA
5920,LHR
5921,FQG
5922,TTQ
5923,ISM
5924,QNH
5925,NHK
5926,HKT
5927,AFY
5928,FKL
5929,LMC
5930,MCQ
5931,ESK
5932,SKY
5933,FDC
5934,DCD
5935,CDF
5936,QMF
5937,MTK
5938,MEW
5939,PIQ
5940,TIL
5941,GYR
5942,NQK
5943,YFS
5944,GHH
5945,NCT
5946,CTV
5947,IIM
5948,QFN
5949,HLG
5950,QKS
5951,RTF
5952,END
5953,QNG
5954,IRY
5955,VNN
5956,LYY
5957,RDP
5958,PDH
5959,CAL
5960,IGH
5961,GHR
5962,HRH
5963,PFM
5964,FMN
5965,MNG
5966,PID
5967,WRM
5968,MLV
5969,PSN
5970,MSA
5971,AQM
5972,QME
5973,SES
5974,ESS
5975,VPN
5976,PND
5977,HGT
5978,AEY
5979,MAF
5980,FRD
5981,IYT
5982,MLY
5983,VAW
5984,EIH
5985,IHY
5986,YMK
5987,KMV
5988,MVF
5989,ATM
5990,TMS
5991,MSN
5992,WIC
5993,ICY
5994,HKQ
5995,KQP
5996,QPC
5997,PCH
5998,CHV
5999,RPT
6000,FPM
6001,VDD
6002,VKM
6003,MQD
6004,DTF
6005,SAN
6006,KMI
6007,PVI
6008,CEQ
6009,MSK
6010,VHH
6011,TFA
6012,FAM
6013,KWD
6014,WDG
6015,HRY
6016,QMS
6017,GIC
6018,IMI
6019,MID
6020,MEM
6021,EMN
6022,NTL
6023,RDM
6024,DMM
6025,FRL
6026,GQF
6027,HQF
6028,FQH
6029,KVS
6030,HNL
6031,QFD
6032,AKH
6033,KHE
6034,CFL
6035,KIR
6036,TDW
6037,WGV
6038,KNS
6039,LHC
6040,KPC
6041,MHV
6042,RFP
6043,GFP
6044,DTE
6045,PMH
6046,MHK
6047,HKS
6048,SED
6049,DDQ
6050,EVN
6051,VNY
6052,NYE
6053,YEI
6054,IQQ
6055,SKM
6056,QKF
6057,NRS
6058,CLI
6059,MFN
6060,TFN
6061,HHQ
6062,SCF
6063,CFI
6064,IQH
6065,HEC
6066,YSW
6067,SWS
6068,WSK
6069,QMT
6070,IMF
6071,FAN
6072,LQC
6073,QCS
6074,CSS
6075,AIQ
6076,KPP
6077,YQF
6078,HEP
6079,LGC
6080,CGD
6081,LKV
6082,KVN
6083,PCI
6084,EDK
6085,LRW
6086,RWR
6087,FMG
6088,TCI
6089,FGY
6090,FNP
6091,FEW
6092,EWT
6093,RME
6094,QTW
6095,TWA
6096,WAL
6097,LYV
6098,NRY
6099,DYS
6100,FTG
6101,VGY
6102,YCT
6103,IFQ
6104,CVS
6105,QHD
6106,QHV
6107,HVY
6108,YPS
6109,FFK
6110,CFG
6111,FCV
6112,CVG
6113,AYP
6114,ANE
6115,SDG
6116,CNY
6117,FLC
6118,CSA
6119,YRV
6120,NKW
6121,WVA
6122,NKP
6123,RFN
6124,YRF
6125,EDN
6126,DNS
6127,TND
6128,YQN
6129,HYG
6130,DNA
6131,QWH
6132,WHG
6133,PSR
6134,DRM
6135,MIF
6136,KDK
6137,TYV
6138,NGW
6139,WKV
6140,GYP
6141,GYF
6142,RNN
6143,ANP
6144,SEY
6145,KTS
6146,IAY
6147,YKM
6148,QFP
6149,DCW
6150,WIT
6151,TKN
6152,KKP
6153,KPQ
6154,VNQ
6155,GRN
6156,IYR
6157,TFK
6158,ACF
6159,CFV
6160,ANA
6161,KTE
6162,EGK
6163,NVK
6164,HTF
6165,TFF
6166,HKG
6167,SFN
6168,DWR
6169,YWP
6170,WQL
6171,HKW
6172,TPM
6173,MGK
6174,EYE
6175,DNQ
6176,FAW
6177,AWR
6178,PLE
6179,DQT
6180,HKH
6181,KHA
6182,HAI
6183,IHI
6184,NHL
6185,WRK
6186,DIM
6187,IMN
6188,INV
6189,YND
6190,DPH
6191,YHL
6192,NIF
6193,IFC
6194,GFR
6195,EFP
6196,YAN
6197,YTN
6198,YRN
6199,KMF
6200,MFP
6201,KNQ
6202,IKY
6203,NSW
6204,SWG
6205,WGT
6206,TQM
6207,QMV
6208,AFW
6209,WHC
6210,ELW
6211,LWF
6212,MEQ
6213,NTV
6214,NKN
6215,VQI
6216,HRR
6217,MTM
6218,PGW
6219,GWC
6220,WCS
6221,YKR
6222,RMN
6223,FNV
6224,YIT
6225,NGL
6226,YEF
6227,GTV
6228,NWL
6229,QMI
6230,NAV
6231,YVN
6232,QIQ
6233,QRH
6234,HKN
6235,WIS
6236,KYW
6237,YWS
6238,RMK
6239,MKS
6240,PGM
6241,GMV
6242,NVI
6243,DLS
6244,EIM
6245,IMG
6246,SQM
6247,QMN
6248,NFK
6249,YGG
6250,NKM
6251,KMK
6252,MKR
6253,RNM
6254,NMV
6255,SGQ
6256,SSQ
6257,PVS
6258,APP
6259,PSH
6260,SHS
6261,RNA
6262,LWN
6263,HYC
6264,LKC
6265,KCS
6266,CSC
6267,SCC
6268,CCQ
6269,EYC
6270,SAC
6271,ACN
6272,CNC
6273,DGC
6274,TDM
6275,MVL
6276,LWS
6277,WSQ
6278,RSM
6279,MIS
6280,NCL
6281,QHL
6282,KST
6283,NTT
6284,ATH
6285,WRS
6286,EMC
6287,MCS
6288,CSE
6289,LWL
6290,DPM
6291,MGN
6292,NRC
6293,RCT
6294,RHT
6295,EKD
6296,DRA
6297,QRI
6298,MVQ
6299,QPL
6300,WPS
6301,CRF
6302,ACC
6303,CCE
6304,CET
6305,QML
6306,YTW
6307,WRL
6308,GHC
6309,HCE
6310,CEG
6311,SNH
6312,NHN
6313,HNA
6314,DHR
6315,GHG
6316,HCV
6317,VYC
6318,TCG
6319,CGG
6320,LTW
6321,TWG
6322,TYA
6323,HMV
6324,CNG
6325,TCL
6326,FGW
6327,FPA
6328,ACT
6329,WTQ
6330,TQS
6331,QSS
6332,SHQ
6333,SEC
6334,ECI
6335,PRQ
6336,QVG
6337,GWS
6338,QHQ
6339,LSH
6340,HIH
6341,IHQ
6342,HQA
6343,QYM
6344,MHA
6345,FGQ
6346,GQM
6347,PQC
6348,RWA
6349,DDM
6350,WPG
6351,HYV
6352,DME
6353,GYN
6354,YNC
6355,NCE
6356,CES
6357,EHH
6358,HHK
6359,KYM
6360,YMV
6361,PGP
6362,GPS
6363,LTH
6364,NLM
6365,CSG
6366,HSC
6367,SCH
6368,PMQ
6369,MQQ
6370,RYC
6371,YCK
6372,AHN
6373,LMW
6374,MWH
6375,RHQ
6376,HQY
6377,QYL
6378,VHQ
6379,FKM
6380,RQP
6381,PKQ
6382,QIH
6383,VDF
6384,AMY
6385,MYC
6386,CQM
6387,QMQ
6388,LHV
6389,HVL
6390,NMI
6391,WAV
6392,GPN
6393,GQV
6394,MKI
6395,ADW
6396,KWG
6397,ATN
6398,TNS
6399,YRM
6400,NVA
6401,SHP
6402,RHC
6403,MFR
6404,FRT
6405,IIY
6406,SHY
6407,WGA
6408,PRM
6409,RMP
6410,HCP
6411,DAS
6412,SWN
6413,LCV
6414,GGH
6415,GHD
6416,CFH
6417,HEG
6418,GSH
6419,SHM
6420,KVQ
6421,MPH
6422,DHT
6423,PMN
6424,NEM
6425,NAW
6426,WTV
6427,YRH
6428,IQC
6429,CIL
6430,NCI
6431,SKW
6432,WPA
6433,QIM
6434,IMP
6435,VQW
6436,QWI
6437,WIL
6438,NEC
6439,ECP
6440,QPM
6441,VRC
6442,RCC
6443,MGT
6444,WRN
6445,TYW
6446,WVC
6447,VCF
6448,HQP
6449,PRP
6450,YGM
6451,MLC
6452,WQG
6453,CSQ
6454,EDW
6455,GPC
6456,HWI
6457,HDR
6458,HSH
6459,HMP
6460,WIP
6461,YPW
6462,PWV
6463,WVE
6464,CKI
6465,KIH
6466,QHI
6467,SHE
6468,PCT
6469,VMV
6470,RPI
6471,HIA
6472,YAC
6473,CGE
6474,THN
6475,HNV
6476,FSW
6477,NRT
6478,CGS
6479,DNT
6480,SRD
6481,DFG
6482,TPH
6483,PHE
6484,HEI
6485,WTW
6486,YAW
6487,IAW
6488,PFS
6489,HSK
6490,TMT
6491,HIS
6492,CIT
6493,LCT
6494,PVM
6495,VMQ
6496,VIM
6497,IMD
6498,AHW
6499,HWA
6500,WAP
6501,RWK
6502,WKF
6503,WRF
6504,FWV
6505,GIH
6506,IHL
6507,HLM
6508,LMH
6509,HSD
6510,DMQ
6511,VHK
6512,WAW
6513,WFK
6514,CQS
6515,LQW
6516,YGW
6517,WGH
6518,GHN
6519,HNH
6520,NHR
6521,CEA
6522,TGY
6523,SWA
6524,NRM
6525,NGM
6526,SGH
6527,NVW
6528,WSW
6529,CSD
6530,VTC
6531,HHF
6532,CPC
6533,YNI
6534,QTT
6535,TTM
6536,RCN
6537,RVW
6538,VWK
6539,MCD
6540,DCF
6541,MNM
6542,NMF
6543,VLM
6544,WRQ
6545,GHE
6546,MVC
6547,TYK
6548,YKG
6549,VTW
6550,TWF
6551,WFW
6552,FWE
6553,WEV
6554,TNQ
6555,FVW
6556,PPD
6557,YTC
6558,SCK
6559,IHF
6560,HFC
6561,SFC
6562,GLC
6563,LCG
6564,GLW
6565,WNE
6566,MVK
6567,TQN
6568,TKK
6569,WVW
6570,KWK
6571,WKS
6572,VWL
6573,QLW
6574,LWD
6575,WDS
6576,TDN
6577,QGT
6578,PHS
6579,DMH
6580,MHL
6581,PCM
6582,CMP
6583,SHK
6584,IGW
6585,WKY
6586,QCE
6587,AYN
6588,HHY
6589,WGC
6590,FSG
6591,KHV
6592,TYS
6593,PML
6594,NQR
6595,THC
6596,HSW
6597,CQH
6598,QHF
6599,WSS
6600,SEW
6601,WSI
6602,CSM
6603,SMT
6604,DWP
6605,WPP
6606,PCA
6607,FMI
6608,GQT
6609,CTH
6610,HIG
6611,GQN
6612,QNC
6613,NCR
6614,ENH
6615,HNK
6616,GFW
6617,FWT
6618,ESM
6619,SMH
6620,HAS
6621,SYN
6622,CSH
6623,QDH
6624,DHN
6625,QCH
6626,AKC
6627,KTH
6628,THQ
6629,HKY
6630,KQN
6631,MFC
6632,CGW
6633,MDA
6634,MLT
6635,ANN
6636,WDT
6637,MMF
6638,MFT
6639,TIN
6640,LRM
6641,SWC
6642,WCT
6643,CTL
6644,SWD
6645,WDK
6646,MKC
6647,TTC
6648,TCS
6649,THS
6650,TQW
6651,QWN
6652,MHD
6653,SDM
6654,DMR
6655,VWA
6656,HKI
6657,RCQ
6658,YIL
6659,HTD
6660,DMS
6661,MSP
6662,PMI
6663,VQH
6664,QLM
6665,YSM
6666,GMM
6667,VCE
6668,VQC
6669,CDW
6670,IGY
6671,QQS
6672,SHW
6673,HWT
6674,WTG
6675,KCR
6676,RNC
6677,DFC
6678,FCE
6679,KHN
6680,RCH
6681,PCW
6682,KHW
6683,DCK
6684,KGN
6685,GHF
6686,CNI
6687,GQK
6688,WTT
6689,SNK
6690,SKP
6691,IMY
6692,MIA
6693,NPW
6694,DDT
6695,WSD
6696,SDW
6697,LKW
6698,DRC
6699,SMD
6700,CAQ
6701,HRM
6702,RMW
6703,MWA
6704,DPI
6705,FKV
6706,PCC
6707,CCA
6708,THK
6709,WFR
6710,CMA
6711,HES
6712,QWM
6713,WMN
6714,WTL
6715,YGA
6716,PCD
6717,PMK
6718,VCC
6719,WST
6720,MEY
6721,YNH
6722,HHL
6723,LFC
6724,MFD
6725,QMC
6726,MCA
6727,CEE
6728,DCY
6729,LMY
6730,MYI
6731,SKH
6732,HTH
6733,INY
6734,IQW
6735,FSN
6736,MYF
6737,WAA
6738,WGQ
6739,GQR
6740,VCH
6741,CHK
6742,SFM
6743,CGH
6744,GHY
6745,YHS
6746,IYK
6747,YKP
6748,IYI
6749,CGY
6750,EHT
6751,HTI
6752,PTH
6753,HTR
6754,VSM
6755,VFK
6756,PEC
6757,ECS
6758,NWK
6759,WKT
6760,IHK
6761,HKM
6762,TCW
6763,CWA
6764,VQM
6765,ANC
6766,NCQ
6767,RHN
6768,KCD
6769,FFH
6770,FHC
6771,SMW
6772,MWF
6773,LYK
6774,LHM
6775,YWD
6776,WDQ
6777,EFH
6778,KVC
6779,CNW
6780,WDI
6781,FEN
6782,WKA
6783,FHD
6784,TGC
6785,QNE
6786,FRC
6787,LTC
6788,TCH
6789,CHR
6790,MLD
6791,KYS
6792,AMD
6793,MDQ
6794,IML
6795,KCA
6796,RMT
6797,YVW
6798,HQM
6799,MPL
6800,ERT
6801,YIM
6802,IMV
6803,FRM
6804,MRL
6805,WAD
6806,KYH
6807,MLW
6808,LWI
6809,IWV
6810,WVP
6811,YSH
6812,TNN
6813,INW
6814,PRH
6815,HQK
6816,QTF
6817,FYS
6818,PKW
6819,QSW
6820,SWP
6821,AYH
6822,HMD
6823,NTY
6824,MIT
6825,THV
6826,IVW
6827,AWY
6828,WYL
6829,WCA
6830,WKH
6831,KHM
6832,MYV
6833,THM
6834,HMW
6835,MWS
6836,DQM
6837,MIW
6838,WRE
6839,YCL
6840,CLM
6841,DWN
6842,WNV
6843,VKY
6844,RWT
6845,KSD
6846,TTW
6847,YPL
6848,WHI
6849,DTQ
6850,PQM
6851,CAD
6852,WWS
6853,WSN
6854,DWE
6855,WFH
6856,FHV
6857,HVG
6858,PNC
6859,HWV
6860,PMM
6861,WED
6862,GNM
6863,NMH
6864,RGY
6865,NVM
6866,GSW
6867,GPY
6868,NYD
6869,YDF
6870,PLW
6871,KMW
6872,MWP
6873,TLM
6874,IMA
6875,KYC
6876,MIK
6877,GTC
6878,CVI
6879,ESN
6880,MDR
6881,PWR
6882,GFM
6883,HMI
6884,WHM
6885,TCP
6886,CPD
6887,CWL
6888,NWM
6889,WMT
6890,FQY
6891,ITW
6892,WND
6893,IDY
6894,GYK
6895,HYE
6896,YEW
6897,EWQ
6898,WQD
6899,QIN
6900,WDV
6901,RLW
6902,NSV
6903,FTC
6904,DYC
6905,CPM
6906,WFY
6907,CDI
6908,YMN
6909,WLF
6910,YQI
6911,SMN
6912,WHL
6913,FPY
6914,YSP
6915,CWE
6916,KFM
6917,NDT
6918,HIW
6919,WKG
6920,THE
6921,ACW
6922,CWY
6923,NYI
6924,WRD
6925,CDP
6926,TNF
6927,RMH
6928,MHE
6929,SRG
6930,YRI
6931,CPF
6932,WPW
6933,QYH
6934,PHP
6935,HPI
6936,IWR
6937,TFY
6938,FYV
6939,FHW
6940,YES
6941,HIY
6942,WGP
6943,EFM
6944,CWK
6945,FMK
6946,APW
6947,PWY
6948,PDW
6949,ACM
6950,CMW
6951,MWG
6952,AHF
6953,HFR
6954,RCE
6955,NNF
6956,CNQ
6957,GFC
6958,RPM
6959,HMA
6960,VHD
6961,NTS
6962,HQI
6963,QIF
6964,NYP
6965,TYH
6966,YHI
6967,CIG
6968,NGH
6969,RKY
6970,IHE
6971,FKI
6972,IYV
6973,RYM
6974,YMG
6975,FKH
6976,IRF
6977,CAF
6978,WYI
6979,NLW
6980,LWK
6981,ESW
6982,WKN
6983,YKY
6984,KYF
6985,QNW
6986,GYW
6987,YWY
6988,PWE
6989,VCM
6990,NNR
6991,NRG
6992,NFY
6993,CYA
6994,QFF
6995,DHD
6996,KKC
6997,ENC
6998,CYE
6999,EMY
7000,MYK
7001,KCN
7002,RRW
7003,IHT
7004,NTM
7005,TMC
7006,PAN
7007,NCK
7008,KND
7009,CMQ
7010,WNS
7011,GCA
7012,MKQ
7013,RNT
7014,FFY
7015,QFC
7016,FCQ
7017,CQY
7018,FRH
7019,CFR
7020,KCM
7021,CMV
7022,HCW
7023,WEN
7024,MGH
7025,EYY
7026,YYL
7027,IWH
7028,IHC
7029,CQE
7030,TQC
7031,SME
7032,CPE
7033,GYM
7034,YMS
7035,CAY
7036,SWL
7037,WLY
7038,LWR
7039,CHE
7040,QTM
7041,NTQ
7042,IPN
7043,YLC
7044,CEN
7045,RWM
7046,WMV
7047,WYH
7048,HNC
7049,NCM
7050,TMA
7051,FMF
7052,MTL
7053,PMP
7054,MPV
7055,NGC
7056,HLY
7057,SMQ
7058,YIC
7059,PWF
7060,AYD
7061,EGF
7062,PHK
7063,THT
7064,HTQ
7065,HGY
7066,RFR
7067,MTP
7068,KFQ
7069,CPY
7070,FKG
7071,SCN
7072,MDN
7073,WFD
7074,NHT
7075,YYH
7076,VKC
7077,TCQ
7078,AYY
7079,WRT
7080,HDM
7081,RTM
7082,TGM
7083,RWV
7084,WVV
7085,PFH
7086,HHP
7087,HPP
7088,IHM
7089,FCN
7090,CNA
7091,TAW
7092,KFC
7093,CQW
7094,YYQ
7095,YQC
7096,HDN
7097,YIY
7098,RAN
7099,FNA
7100,MKF
7101,AHY
7102,WAC
7103,TCE
7104,WAT
7105,YRW
7106,IQG
7107,QGM
7108,CAW
7109,CGN
7110,NFH
7111,QKC
7112,HWK
7113,RMD
7114,MFK
7115,KVW
7116,FHM
7117,HNM
7118,NMM
7119,DYM
7120,MDC
7121,CWS
7122,YVT
7123,CWN
7124,HEH
7125,NQH
7126,LWV
7127,WVT
7128,AEC
7129,CWR
7130,GKM
7131,WAG
7132,YTY
7133,MIQ
7134,APM
7135,QFH
7136,PQT
7137,YTM
7138,HLW
7139,ADQ
7140,PIT
7141,RPC
7142,MLH
7143,RKW
7144,CAT
7145,YCA
7146,DPC
7147,THD
7148,YHC
7149,QCG
7150,CME
7151,CED
7152,HHT
7153,VCT
7154,CTC
7155,AWN
7156,AYC
7157,RPW
7158,PWC
7159,WCY
7160,PTC
7161,HKK
7162,HPW
7163,HTC
7164,HKC
7165,KCQ
7166,GHM
7167,PNM
7168,CQG
7169,ISW
7170,WIN
7171,IHN
7172,WTN
7173,VYW
7174,CYH
7175,NNW
7176,WYF
7177,FPW
7178,WFV
7179,FIM
7180,MGS
7181,CSK
7182,NYC
7183,RSC
7184,GCP
7185,CTG
7186,IVM
7187,WCC
7188,GMN
7189,FQW
7190,QWK
7191,WKI
7192,MMD
7193,NQD
7194,EFY
7195,VMI
7196,TMY
7197,MYQ
7198,MVM
7199,DLF
7200,CNR
7201,YMF
7202,HQQ
7203,QQF
7204,KWE
7205,TMG
7206,EHM
7207,NSC
7208,HDF
7209,TNH
7210,GEC
7211,AGC
7212,DFF
7213,FFR
7214,HGH
7215,KCP
7216,RCD
7217,STM
7218,FRQ
7219,CMK
7220,KWN
7221,WRI
7222,TWM
7223,NFF
7224,RYH
7225,MAW
7226,NDW
7227,WCI
7228,NEY
7229,WNA
7230,QMH
7231,MIP
7232,CYD
7233,KGW
7234,CMR
7235,KFY
7236,IIH
7237,TRC
7238,GCV
7239,CVM
7240,PGN
7241,YML
7242,TWE
7243,WES
7244,HER
7245,GMQ
7246,TCT
7247,GEW
7248,PDC
7249,CSF
7250,ICM
7251,PFW
7252,FWM
7253,WMA
7254,YDC
7255,LEM
7256,SKC
7257,EHE
7258,NAF
7259,TMI
7260,LDM
7261,EHN
7262,NME
7263,EMQ
7264,QHM
7265,HMH
7266,MHT
7267,IDH
7268,HEM
7269,RLM
7270,IYY
7271,QHN
7272,DNW
7273,NWY
7274,WYA
7275,SNC
7276,CKF
7277,FCD
7278,CIV
7279,TIM
7280,DYR
7281,QHH
7282,HHM
7283,MRM
7284,YWR
7285,KHG
7286,MQK
7287,MCV
7288,NCS
7289,YNN
7290,KSC
7291,MHM
7292,KMM
7293,DMD
7294,WLD
7295,GFH
7296,WDD
7297,KMN
7298,NAP
7299,HNQ
7300,QWV
7301,KCK
7302,CKM
7303,GKC
7304,YNR
7305,KGM
7306,CEI
7307,IFH
7308,MYE
7309,CRM
7310,RMC
7311,MCI
7312,KHQ
7313,MIN
7314,NVY
7315,FFF
7316,QKW
7317,KWT
7318,HAQ
7319,ENW
7320,HIM
7321,NNV
7322,QND
7323,KGH
7324,EWN
7325,WNL
7326,DEH
7327,YRC
7328,QMD
7329,WEI
7330,RHE
7331,FPG
7332,ACH
7333,KHH
7334,NTW
7335,WFA
7336,AWD
7337,IMM
7338,TGW
7339,FPN
7340,PMD
7341,MPD
7342,YGC
7343,EYP
7344,CVE
7345,YVM
7346,QTN
7347,MDI
7348,QQY
7349,IYQ
7350,MIE
7351,CYI
7352,KCV
7353,CVN
7354,MKH
7355,GAC
7356,LMM
7357,MMN
7358,VMF
7359,WAF
7360,CHM
7361,HMS
7362,DNH
7363,DQN
7364,YDG
7365,MDY
7366,HAC
7367,HRC
7368,IWA
7369,PKT
7370,HPN
7371,MTI
7372,EFC
7373,WEA
7374,KMT
7375,MAQ
7376,CHF
7377,FNM
7378,NMS
7379,FNQ
7380,WTS
7381,TNW
7382,YWM
7383,WMK
7384,TMM
7385,THR
7386,MCH
7387,FAC
7388,CHT
7389,CYY
7390,FYH
7391,DKM
7392,PVC
7393,CWG
7394,IYH
7395,TWK
7396,WKK
7397,MMI
7398,KGQ
7399,WNI
7400,YHW
7401,HWL
7402,YHV
7403,IHH
7404,LYW
7405,YWL
7406,MYH
7407,AWM
7408,FWS
7409,LWH
7410,WHK
7411,LWY
7412,QFM
7413,FML
7414,YWT
7415,HTM
7416,MSC
7417,IPH
7418,CMI
7419,MNQ
7420,HLF
7421,RHH
7422,MQP
7423,QDW
7424,HYW
7425,FVM
7426,MAC
7427,HMQ
7428,MQV
7429,VYY
7430,CYW
7431,TFW
7432,EYW
7433,SYW
7434,YWI
7435,KVH
7436,RWI
7437,REM
7438,GWM
7439,QQW
7440,WFF
7441,GQW
7442,HFW
7443,HMG
7444,YHH
7445,HHE
7446,MHY
7447,FHY
7448,NMN
7449,NYY
7450,HHC
7451,HYR
7452,NVH
7453,MNW
7454,WYY
7455,QMW
7456,MWY
7457,WYW
7458,IWD
7459,KQM
7460,CHD
7461,HDG
7462,YDT
7463,CTD
7464,WQN
7465,WIH
7466,NSH
7467,HGW
7468,WAN
7469,YCS
7470,FQD
7471,WNR
7472,NDM
7473,NMY
7474,MYG
7475,TMD
7476,MNH
7477,SWI
7478,MIH
7479,ICH
7480,NYN
7481,CSN
7482,KCW
7483,HNF
7484,IKC
7485,MAI
7486,IIW
7487,ECN
7488,CNF
7489,FPC
7490,PCQ
7491,WYN
7492,HMT
7493,HWR
7494,KCI
7495,YDE
7496,VNC
7497,QYQ
7498,YQD
7499,CWP
7500,WPK
7501,EWR
7502,KYQ
7503,WCE
7504,WPN
7505,LEW
7506,PCV
7507,YWE
7508,KCY
7509,GWE
7510,CEP
7511,CPV
7512,PMT
7513,GWF
7514,NCA
7515,VWV
7516,NCV
7517,NTC
7518,HVN
7519,LYM
7520,SCA
7521,FCT
7522,CTW
7523,VMG
7524,EPH
7525,RMQ
7526,NHQ
7527,WVQ
7528,HNI
7529,QMG
7530,CEW
7531,YCE
7532,RIH
7533,CVK
7534,MTH
7535,WIQ
7536,MPY
7537,CMG
7538,YWQ
7539,QNM
7540,CKG
7541,VCK
7542,FQC
7543,WMH
7544,TNC
7545,CRW
7546,PHM
7547,WNT
7548,YYM
7549,YYV
7550,MQM
7551,AWK
7552,WSY
7553,PNH
7554,FYF
7555,NFW
7556,DCM
7557,QWP
7558,EWP
7559,CGM
7560,HYD
7561,WAY
7562,YYI
7563,CYT
7564,YDM
7565,IHD
7566,FCS
7567,WTI
7568,QCN
7569,TCN
7570,HNN
7571,VCL
7572,CEY
7573,GHW
7574,TML
7575,LNW
7576,CMH
7577,QCA
7578,NKH
7579,TFC
7580,DSM
7581,HWD
7582,TWT
7583,HDC
7584,CRY
7585,HFK
7586,WVY
7587,HTY
7588,WQH
7589,FGM
7590,RHM
7591,FTH
7592,CCF
7593,CFM
7594,EWA
7595,NQC
7596,DMY
7597,HML
7598,YMA
7599,QCT
7600,WAH
7601,MMP
7602,GAW
7603,NIW
7604,MYD
7605,WRV
7606,WHV
7607,CCW
7608,GTW
7609,CWF
7610,WYE
7611,VCW
7612,CKH
7613,CLH
7614,PYW
7615,NHH
7616,HHH
7617,EWF
7618,WFQ
7619,SHH
7620,HMM
7621,VCI
7622,CIC
7623,YCV
7624,IWE
7625,NHM
7626,HMF
7627,WSM
7628,RWY
7629,HVW
7630,CNP
7631,PCS
7632,ECQ
7633,GMY
7634,MYS
7635,FCM
7636,WDH
7637,RMY
7638,YME
7639,YPY
7640,FCI
7641,HGF
7642,WIY
7643,IYC
7644,FYM
7645,KNC
7646,FWL
7647,NNC
7648,CVP
7649,NCW
7650,PWN
7651,YMM
7652,MMG
7653,SMY
7654,YCN
7655,MHH
7656,MKW
7657,WLM
7658,LCM
7659,HNS
7660,QCY
7661,MSW
7662,CRC
7663,CTP
7664,VIW
7665,HYP
7666,NPM
7667,WMF
7668,RTH
7669,QWR
7670,MHR
7671,WWH
7672,VFM
7673,CCS
7674,PYM
7675,PKH
7676,CAC
7677,ICF
7678,LCW
7679,CWM
7680,HQR
7681,WRW
7682,IMC
7683,FQM
7684,RWH
7685,TNM
7686,NWN
7687,WNM
7688,KCH
7689,PWS
7690,MNY
7691,TMP
7692,KCE
7693,MDM
7694,DMF
7695,QWS
7696,WSC
7697,WWM
7698,CKK
7699,NRW
7700,WLC
7701,HYT
7702,WVF
7703,TWD
7704,ECY
7705,HVM
7706,CAH
7707,WYG
7708,SWH
7709,YWF
7710,CQD
7711,WNC
7712,HFM
7713,FMY
7714,FRW
7715,CKP
7716,CHN
7717,CHH
7718,NCC
7719,HWF
7720,CCD
7721,CCV
7722,FCC
7723,TCC
7724,CFP
7725,MMC
7726,MCG
7727,EWD
7728,FWY
7729,DHQ
7730,RCY
7731,MYT
7732,TWY
7733,CWC
7734,MWI
7735,CIH
7736,CTI
7737,NNM
7738,SMC
7739,MCF
7740,CCC
7741,MTW
7742,FWI
7743,HFE
7744,MFQ
7745,HVC
7746,FHI
7747,FFM
7748,HTW
7749,WYR
7750,FYC
7751,SHN
7752,VWY
7753,MQY
7754,YQW
7755,WCK
7756,KWM
7757,NRH
7758,WMI
7759,WPD
7760,LCH
7761,HWY
7762,AMC
7763,MCC
7764,YYW
7765,GMF
7766,WHH
7767,WYM
7768,YIW
7769,QCM
7770,FTW
7771,YPC
7772,HWC
7773,CAM
7774,GNW
7775,WPY
7776,CFQ
7777,VWF
7778,STC
7779,MPC
7780,PCN
7781,KFW
7782,FWR
7783,WRC
7784,WHS
7785,CPW
7786,CSW
7787,CMM
7788,MMY
7789,MYY
7790,YMY
7791,WPM
7792,CIY
7793,CNE
7794,MSH
7795,HHN
7796,GMH
7797,MRH
7798,WNF
7799,WTY
7800,ECH
7801,CCP
7802,CPH
7803,YMR
7804,FCH
7805,HMC
7806,HRW
7807,MYW
7808,NHF
7809,HIC
7810,WIM
7811,MFY
7812,YFW
7813,KWW
7814,DWY
7815,CKY
7816,MFM
7817,WCF
7818,HPC
7819,FWN
7820,YMC
7821,DWM
7822,HCG
7823,WEC
7824,CTM
7825,SWM
7826,WMR
7827,WTM
7828,HCR
7829,FWG
7830,AYW
7831,MWD
7832,MWN
7833,WHE
7834,CVF
7835,MGC
7836,EWW
7837,WWK
7838,RCW
7839,FCF
7840,FMM
7841,AWW
7842,MEC
7843,WWQ
7844,CYQ
7845,TWP
7846,YKF
7847,MCR
7848,TWW
7849,WWI
7850,CHW
7851,CYK
7852,FWD
7853,QWW
7854,WTC
7855,WCN
7856,WGF
7857,CMF
7858,GMW
7859,FFW
7860,PCK
7861,TCM
7862,MHQ
7863,CTF
7864,HNW
7865,WPF
7866,NMW
7867,WVM
7868,GWY
7869,HCY
7870,MCK
7871,YKC
7872,WFI
7873,IWF
7874,QWY
7875,KMC
7876,EWM
7877,WMS
7878,QMY
7879,VWC
7880,PMC
7881,MCM
7882,MWK
7883,HWM
7884,IRW
7885,MQW
7886,WEM
7887,CKW
7888,VMW
7889,MWC
7890,NWW
7891,WDN
7892,YCC
7893,CHQ
7894,CHP
7895,HEW
7896,HCN
7897,WCV
7898,CHC
7899,WWL
7900,CEC
7901,IPW
7902,PWM
7903,WQM
7904,WFC
7905,WML
7906,KMH
7907,WMM
7908,QCC
7909,DMW
7910,MWL
7911,MWM
7912,HMK
7913,WDM
7914,MCL
7915,CVW
7916,WCR
7917,GWW
7918,FCW
7919,KWH
7920,VWH
7921,VYM
7922,NMC
7923,CMN
7924,FNW
7925,WNW
7926,YWW
7927,CFC
7928,WKC
7929,WWV
7930,WKM
7931,TYM
7932,WNY
7933,MCT
7934,MCN
7935,CNM
7936,WYV
7937,ICW
7938,DYW
7939,NHW
7940,NWP
7941,MPW
7942,WHW
7943,NWC
7944,HCC
7945,WYS
7946,WQC
7947,FWP
7948,MFH
7949,MFW
7950,WTF
7951,CMC
7952,HWS
7953,FMC
7954,MYM
7955,WMC
7956,WWG
7957,WFM
7958,WWA
7959,CWH
7960,DWW
7961,CIM
7962,WMG
7963,WMY
7964,IWI
7965,CYM
7966,WCQ
7967,WCL
7968,CWW
7969,RCM
7970,MCW
7971,WYC
7972,IMW
7973,MWT
7974,WCH
7975,WCW
7976,CYC
7977,NSX
7978,SXA
7979,XAQ
7980,IIX
7981,IXT
7982,XTY
7983,MWW
7984,MWV
7985,WPC
7986,WWT
7987,WDW
7988,FWC
7989,FMW
7990,CFW
7991,WHY
7992,WHF
7993,YMW
7994,WDC
7995,FWW
7996,ALX
7997,LXT
7998,XTL
7999,HHW
8000,LLX
8001,LXF
8002,XFM
8003,QPX
8004,PXY
8005,XYT
8006,QGX
8007,GXV
8008,XVR
8009,CIW
8010,PQX
8011,QXA
8012,YWC
8013,GVX
8014,VXL
8015,XLC
8016,MMW
8017,WWY
8018,WWW
8019,DSX
8020,SXV
8021,XVP
8022,PEX
8023,EXF
8024,XFD
8025,RKX
8026,KXX
8027,XXP
8028,XPN
8029,WCM
8030,IQX
8031,QXN
8032,XNA
8033,WWN
8034,IDX
8035,DXP
8036,XPE
8037,FVX
8038,VXI
8039,XIV
8040,IVX
8041,VXX
8042,XXE
8043,XEM
8044,NQX
8045,QXC
8046,XCN
8047,ISX
8048,SXN
8049,XNY
8050,XFL
8051,EKX
8052,KXL
8053,XLV
8054,EGX
8055,ASU
8056,SUP
8057,UPP
8058,CTU
8059,TUP
8060,CSU
8061,AXF
8062,XFQ
8063,ATU
8064,KRU
8065,RUN
8066,UNP
8067,RUK
8068,UKK
8069,GSX
8070,XVF
8071,KTX
8072,TXX
8073,XXA
8074,XAP
8075,VGX
8076,GXI
8077,XIE
8078,IEX
8079,EXL
8080,XLT
8081,UPS
8082,WWC
8083,XAI
8084,XYA
8085,GTX
8086,TXR
8087,XRI
8088,TVX
8089,XXX
8090,XXS
8091,XSA
8092,VHX
8093,HXK
8094,XKE
8095,SXK
8096,XKI
8097,RUI
8098,UIL
8099,QXE
8100,XEH
8101,RUV
8102,UVP
8103,UKL
8104,LDX
8105,XPC
8106,QRX
8107,RXG
8108,XGI
8109,QQX
8110,QXG
8111,XGR
8112,NKX
8113,KXY
8114,XYH
8115,XIF
8116,WDX
8117,DXX
8118,XXD
8119,XDY
8120,WMW
8121,NNX
8122,NXK
8123,XKA
8124,PKX
8125,KXE
8126,XEK
8127,PPX
8128,PXX
8129,XPH
8130,EXX
8131,XPL
8132,XNP
8133,DIX
8134,IXI
8135,XIK
8136,GRX
8137,RXL
8138,XLK
8139,KXI
8140,PVX
8141,VXA
8142,KXV
8143,XVV
8144,ENX
8145,NXR
8146,XRM
8147,AVX
8148,VXD
8149,XDW
8150,LKX
8151,KXH
8152,XHT
8153,PDB
8154,DBF
8155,BFE
8156,CAB
8157,ABA
8158,BAH
8159,HPB
8160,PBK
8161,BKV
8162,ASX
8163,SXT
8164,XTE
8165,LVX
8166,VXF
8167,XFI
8168,PRX
8169,RXY
8170,XYI
8171,FDX
8172,DXG
8173,XGF
8174,PYX
8175,YXD
8176,XDP
8177,FSX
8178,SXQ
8179,XQT
8180,LEX
8181,EXI
8182,XIN
8183,SXX
8184,XXL
8185,XLL
8186,SXS
8187,XSN
8188,TGX
8189,GXT
8190,XTK
8191,YTB
8192,TBD
8193,BDI
8194,EXT
8195,XTM
8196,GKX
8197,KXG
8198,XGS
8199,XTN
8200,WEX
8201,EXS
8202,XSI
8203,TXI
8204,NXF
8205,EYX
8206,YXY
8207,XYR
8208,SHX
8209,HXX
8210,XAA
8211,GDX
8212,DXL
8213,XLG
8214,VVX
8215,XFH
8216,SXM
8217,XMF
8218,IXX
8219,XXF
8220,XFT
8221,SDX
8222,DXQ
8223,XQK
8224,VFX
8225,FXG
8226,XGX
8227,GXN
8228,XNX
8229,DTX
8230,TXS
8231,XSF
8232,VTX
8233,TXP
8234,XPQ
8235,DXM
8236,XMI
8237,XPD
8238,EQX
8239,QXK
8240,XKD
8241,FWX
8242,WXP
8243,XPM
8244,MQX
8245,XAD
8246,VEX
8247,EXE
8248,VGB
8249,GBQ
8250,BQP
8251,RFU
8252,FUI
8253,UIF
8254,FNX
8255,XRA
8256,GIO
8257,IOI
8258,OIG
8259,STO
8260,TOT
8261,OTD
8262,WLX
8263,LXX
8264,XXT
8265,XNV
8266,LNX
8267,NXP
8268,XPX
8269,PXP
8270,PSX
8271,XSK
8272,GVO
8273,VOG
8274,OGP
8275,GSO
8276,SOS
8277,OSD
8278,GGO
8279,GOV
8280,OVD
8281,FGX
8282,GXA
8283,XAY
8284,YXT
8285,SVX
8286,VXQ
8287,XQE
8288,SPX
8289,PXK
8290,XKK
8291,SCX
8292,CXT
8293,IYX
8294,YXX
8295,XXG
8296,XGQ
8297,LMX
8298,MXL
8299,XLS
8300,TQX
8301,QXQ
8302,XQP
8303,PXT
8304,XTQ
8305,QXF
8306,XFX
8307,FXQ
8308,XQS
8309,GXG
8310,XGE
8311,LPX
8312,PXQ
8313,XQL
8314,SEX
8315,EXA
8316,XAH
8317,MHX
8318,XXV
8319,XVA
8320,CPX
8321,PXV
8322,VIX
8323,IXV
8324,GHX
8325,XVE
8326,MAX
8327,AXE
8328,XED
8329,YXQ
8330,XQD
8331,XXK
8332,XKV
8333,RXX
8334,XXC
8335,XCC
8336,XXW
8337,XWD
8338,AFX
8339,FXF
8340,FXN
8341,VYX
8342,XXI
8343,XIT
8344,TXN
8345,HVX
8346,VXV
8347,RTX
8348,TXK
8349,DDX
8350,DXH
8351,XHH
8352,VXH
8353,XHP
8354,TXV
8355,XVS
8356,VSX
8357,AAX
8358,AXX
8359,LXG
8360,SXL
8361,INX
8362,NXX
8363,XLA
8364,QMX
8365,MXK
8366,XKG
8367,IMX
8368,MXX
8369,XXQ
8370,XQA
8371,MKX
8372,KXA
8373,XAG
8374,MGX
8375,ELX
8376,LXI
8377,XIS
8378,HTX
8379,TXG
8380,YIX
8381,IXD
8382,XDN
8383,DRX
8384,RXH
8385,XHS
8386,GIX
8387,IXY
8388,MLX
8389,LXE
8390,XET
8391,LAX
8392,ILX
8393,LXD
8394,XDE
8395,KLX
8396,LXS
8397,NLX
8398,LXY
8399,XYG
8400,YGX
8401,GXX
8402,HXL
8403,XLE
8404,RLX
8405,XDL
8406,TLX
8407,XPW
8408,ATX
8409,KXK
8410,XKL
8411,SQX
8412,QXD
8413,XDF
8414,GAX
8415,AXR
8416,XRL
8417,VXN
8418,XNM
8419,PWX
8420,WXK
8421,VAX
8422,XRV
8423,QXI
8424,XIA
8425,YRX
8426,XXR
8427,LRX
8428,XLR
8429,RHX
8430,IHX
8431,XKN
8432,GNX
8433,NXI
8434,XII
8435,TPX
8436,XAK
8437,FXV
8438,XVT
8439,AGX
8440,RXK
8441,KGX
8442,GXC
8443,XCY
8444,LXA
8445,XAL
8446,IRX
8447,RXA
8448,XAS
8449,GFX
8450,FXX
8451,VKX
8452,XGG
8453,LHX
8454,HXH
8455,XHR
8456,GEX
8457,EXK
8458,QXX
8459,TSX
8460,XVG
8461,XXN
8462,XNR
8463,YXG
8464,XGC
8465,SKX
8466,XQV
8467,VRX
8468,XAR
8469,YAX
8470,KAX
8471,RXR
8472,XRS
8473,XLN
8474,SSX
8475,XSG
8476,XES
8477,LFX
8478,XEA
8479,NXT
8480,XTA
8481,AKX
8482,LYX
8483,YXK
8484,XKX
8485,KXR
8486,XRN
8487,XRP
8488,EFX
8489,FXP
8490,XPI
8491,XEP
8492,DXF
8493,XFR
8494,LGX
8495,RNX
8496,NXL
8497,XLQ
8498,TXE
8499,XEI
8500,PLX
8501,KKX
8502,LQX
8503,KNX
8504,EAX
8505,AXW
8506,WKB
8507,KBI
8508,BIS
8509,YLX
8510,LXN
8511,TGU
8512,GUS
8513,USC
8514,STX
8515,TXL
8516,XLM
8517,SXI
8518,GXS
8519,XSE
8520,EDX
8521,DXT
8522,XEV
8523,QNX
8524,DEX
8525,XSR
8526,XGM
8527,NAX
8528,AXD
8529, TO
8530,TO 
8531,O L
8532, LO
8533,LON
8534,ONG
8535,NG 
8536,G I
8537, IT
8538,IT 
8539,T D
8540, DO
8541,DOE
8542,OES
8543,ES 
8544,S N
8545, NO
8546,NOT
8547,OT 
8548,T F
8549, FI
8550,T I
8551, IN
8552,IN 
8553,N E
8554, EX
8555,EXC
8556,XCE
8557,"LL,"
8558,"L, "
8559,", N"
8560,T R
8561, RE
8562,TAB
8563,ABL
8564,BLE
8565,LE 
8566,E I
8567,LL 
8568,AQX
8569,QXP
8570,XPG
8571,TAX
8572,VXT
8573,AXG
8574,RXC
8575,XCG
8576,CXA
8577,XAF
8578,VXG
8579,EXP
8580,PXF
8581,XFE
8582,ESX
8583,GCU
8584,CUG
8585,YXL
8586,DAX
8587,AXV
8588,KHX
8589,XHM
8590,PIX
8591,IXG
8592,XGD
8593,XQR
8594,XTP
8595,DPU
8596,PUY
8597,UYS
8598,DIU
8599,IUL
8600,ULS
8601,RIX
8602,XXH
8603,XHA
8604,XVL
8605,MFX
8606,FXK
8607,XKY
8608,YSX
8609,NXC
8610,HXD
8611,XDC
8612,QSX
8613,XCX
8614,CXX
8615,XDV
8616,REX
8617,EXY
8618,XYQ
8619,QKX
8620,YXS
8621,XSS
8622,SXF
8623,XFG
8624,FIX
8625,IXE
8626,EXD
8627,XDI
8628,MYX
8629,XSW
8630,GXL
8631,XLI
8632,YQU
8633,QUG
8634,UGY
8635,VGU
8636,GUK
8637,LIX
8638,IXS
8639,XSQ
8640,IXK
8641,QIX
8642,IXN
8643,XNK
8644,DLX
8645,XID
8646,PXI
8647,ETX
8648,AYX
8649,XYL
8650,AEX
8651,XKM
8652,NPX
8653,PXS
8654,XSD
8655,XYM
8656,FHX
8657,HXM
8658,XMG
8659,MVX
8660,VXW
8661,XWR
8662,GXP
8663,SIX
8664,XNQ
8665,QTX
8666,DFX
8667,SGX
8668,TTX
8669,TXY
8670,XYK
8671,YKX
8672,KXQ
8673,TEX
8674,EXQ
8675,XWK
8676,EXG
8677,XGT
8678,XTX
8679,TXT
8680,XTG
8681,XQX
8682,XDK
8683,LXP
8684,XPT
8685,LXL
8686,CRX
8687,XKT
8688,FLX
8689,XDG
8690,GYX
8691,XGW
8692,APX
8693,XSL
8694,KVX
8695,XFA
8696,EVX
8697,KIX
8698,IXM
8699,XMA
8700,GMX
8701,PTX
8702,ERX
8703,XHE
8704,CMX
8705,MXD
8706,XKH
8707,XHL
8708,YEX
8709,DXI
8710,LTX
8711,XSV
8712,NRX
8713,RXE
8714,XRR
8715,EPX
8716,PXH
8717,XHG
8718,FXL
8719,XLP
8720,SLX
8721,LXR
8722,ACX
8723,CXG
8724,XGL
8725,EIX
8726,IXA
8727,MXP
8728,XPA
8729,XVK
8730,NIX
8731,QLX
8732,IAX
8733,XDA
8734,XGP
8735,PDX
8736,DXA
8737,XAM
8738,XRG
8739,MPX
8740,XLY
8741,GGX
8742,SXP
8743,FKX
8744,XAT
8745,GXD
8746,PGX
8747,XLD
8748,AXA
8749,XAX
8750,AXP
8751,XPP
8752,VXP
8753,XPK
8754,KPX
8755,DGX
8756,XGA
8757,IKX
8758,KEX
8759,MNX
8760,NXQ
8761,XQQ
8762,GPZ
8763,PZE
8764,ZEW
8765,KXF
8766,XFN
8767,PAX
8768,AXL
8769,XGB
8770,GBL
8771,BLN
8772,TNX
8773,RSX
8774,SXE
8775,XEE
8776,YPX
8777,PHX
8778,HXV
8779,XVD
8780,NDX
8781,DXV
8782,WGX
8783,XIR
8784,XVX
8785,RQX
8786,GQX
8787,XKC
8788,RXI
8789,SAX
8790,TRX
8791,XGK
8792,WKX
8793,VMX
8794,MXS
8795,XSH
8796,NFX
8797,FXH
8798,CCX
8799,XTS
8800,TDX
8801,XGY
8802,XNC
8803,GXQ
8804,XQI
8805,KYX
8806,WTX
8807,WPX
8808,XPS
8809,XIP
8810,XCP
8811,XWF
8812,AHX
8813,HXF
8814,XFV
8815,LXH
8816,XHF
8817,VXY
8818,YQX
8819,QXS
8820,AXM
8821,XME
8822,DVX
8823,LWX
8824,QAX
8825,AXN
8826,XNG
8827,KDX
8828,NVX
8829,MXY
8830,EEX
8831,PXG
8832,XCV
8833,MXI
8834,XKR
8835,ANX
8836,NXA
8837,VXS
8838,NXD
8839,GXR
8840,VXK
8841,XKS
8842,SDU
8843,DUL
8844,ULG
8845,HLX
8846,AXC
8847,XCK
8848,EXH
8849,RGX
8850,NEX
8851,MMX
8852,SYX
8853,XIW
8854,KVU
8855,VUR
8856,URV
8857,PNX
8858,NXV
8859,ADX
8860,DXD
8861,XXY
8862,XYX
8863,YXA
8864,XAV
8865,CZA
8866,ZAA
8867,DGZ
8868,GZW
8869,ZWE
8870,AFZ
8871,FZZ
8872,ZZK
8873,ZKN
8874,KXN
8875,GXE
8876,XEX
8877,RXN
8878,XND
8879,XSY
8880,IGX
8881,NXH
8882,XHI
8883,RPX
8884,PXD
8885,XDR
8886,KXP
8887,FRX
8888,SFX
8889,RLU
8890,LUH
8891,UHS
8892,RIU
8893,IUH
8894,XEG
8895,RVU
8896,VUH
8897,UHG
8898,NTU
8899,TUH
8900,VLX
8901,SVU
8902,XEL
8903,RXV
8904,XIG
8905,CEX
8906,EXM
8907,XMT
8908,TIX
8909,IXL
8910,XDH
8911,DPX
8912,DXK
8913,SLU
8914,LUG
8915,UGT
8916,FVU
8917,VUT
8918,UTS
8919,SYU
8920,YUG
8921,UGL
8922,SQU
8923,UGK
8924,STU
8925,TUG
8926,TYU
8927,DYX
8928,XEN
8929,AXK
8930,UTA
8931,SKU
8932,KUG
8933,CKU
8934,UGA
8935,XMY
8936,SXG
8937,AYU
8938,AXS
8939,NXG
8940,XCS
8941,XVH
8942,HHX
8943,HXS
8944,XST
8945,PXM
8946,XMR
8947,UGS
8948,AMU
8949,MUI
8950,HXI
8951,ALU
8952,LUI
8953,XNL
8954,SRX
8955,XXM
8956,XML
8957,XYW
8958,YYX
8959,XER
8960,LXQ
8961,CLX
8962,HQX
8963,QXV
8964,XQN
8965,LXK
8966,MXF
8967,MXM
8968,RRX
8969,GXK
8970,XYD
8971,XIC
8972,IXF
8973,IXP
8974,XFK
8975,MIX
8976,TXF
8977,RVX
8978,XHV
8979,MXV
8980,AXY
8981,AXT
8982,XTV
8983,EMX
8984,XDS
